District,Mandal,Date,Rain (mm),Min Temp (°C),Max Temp (°C),Min Humidity (%),Max Humidity (%),Min Wind Speed (Kmph),Max Wind Speed (Kmph)
Adilabad,Adilabad Rural,03-Nov-22,0,14.1,29.7,53.1,98.5,0.0,8.4
Adilabad,Adilabad Rural,04-Nov-22,0,15.4,30.3,45.9,95.4,0.1,8.7
Adilabad,Adilabad Rural,22-Nov-22,0,15.0,27.9,43.2,86.2,0.0,9.6
Adilabad,Adilabad Rural,30-Nov-22,0,11.5,29.2,36.7,95.4,0.0,10.7
Adilabad,Adilabad Urban,09-Nov-22,0,17.1,36.4,46.7,99.9,0.0,0.3
Adilabad,Adilabad Urban,14-Nov-22,0,16.7,32.6,42.4,99.9,0.0,4.6
Adilabad,Bazarhathnoor,28-Nov-22,0,14.4,31.0,38.5,83.1,0.0,12.0
Adilabad,Bela,02-Nov-22,0,18.9,32.9,44.2,100.0,0.0,15.8
Adilabad,Bela,20-Nov-22,0,8.3,30.7,28.9,97.5,1.2,6.2
Adilabad,Bheempoor,09-Nov-22,0,16.7,34.4,48.7,99.9,0.0,5.8
Adilabad,Bheempoor,14-Nov-22,0,14.7,32.4,44.9,99.9,0.0,9.0
Adilabad,Bheempoor,24-Nov-22,0,16.7,33.5,46.8,99.9,0.0,3.3
Adilabad,Boath,02-Nov-22,0,21.4,33.8,47.1,96.7,0.0,6.7
Adilabad,Boath,06-Nov-22,0,17.2,34.8,32.7,94.4,0.0,8.4
Adilabad,Boath,20-Nov-22,0,11.2,29.9,38.8,93.4,0.0,9.7
Adilabad,Gadiguda,02-Nov-22,0,19.9,32.6,52.5,99.9,0.0,15.8
Adilabad,Gadiguda,06-Nov-22,0,19.3,33.8,40.1,99.9,0.0,11.4
Adilabad,Gadiguda,20-Nov-22,0,10.9,29.6,43.4,93.5,0.0,9.0
Adilabad,Gudihathnur,21-Nov-22,0,11.7,27.2,46.1,71.5,0.0,6.2
Adilabad,Gudihathnur,25-Nov-22,0,14.7,32.0,43.1,87.9,0.0,9.4
Adilabad,Ichoda,02-Nov-22,0,19.5,28.4,58.1,90.9,0.0,0.0
Adilabad,Ichoda,28-Nov-22,0,15.8,30.1,36.8,82.0,0.0,6.9
Adilabad,Inderavelly,27-Nov-22,0,12.4,29.3,36.9,86.3,0.0,11.2
Adilabad,Jainad,16-Nov-22,0,11.8,33.2,32.8,100.0,0.0,2.9
Adilabad,Mavala,22-Nov-22,0,16.9,29.2,41.7,99.9,0.0,3.1
Adilabad,Mavala,26-Nov-22,0,12.0,30.2,36.7,95.3,0.0,2.7
Adilabad,Mavala,29-Nov-22,0,10.6,31.0,32.1,94.9,0.0,2.1
Adilabad,Narnoor,12-Nov-22,0,18.5,28.9,43.5,91.8,0.0,11.2
Adilabad,Narnoor,15-Nov-22,0,16.6,29.2,37.9,93.5,0.0,8.8
Adilabad,Neradigonda,01-Nov-22,0,16.7,30.1,38.0,91.6,0.0,8.5
Adilabad,Neradigonda,11-Nov-22,0,17.2,32.2,44.2,94.3,0.0,15.2
Adilabad,Neradigonda,13-Nov-22,0,17.3,30.7,46.5,91.3,0.0,13.8
Adilabad,Neradigonda,17-Nov-22,0,14.8,31.7,31.6,88.5,0.0,7.2
Adilabad,Sirikonda,07-Nov-22,0,16.7,33.9,32.6,93.7,0.0,6.6
Adilabad,Sirikonda,11-Nov-22,0,16.7,32.6,32.9,90.8,0.0,10.6
Adilabad,Sirikonda,13-Nov-22,0,16.1,32.3,33.5,91.2,2.8,9.0
Adilabad,Tamsi,24-Nov-22,0,16.3,32.5,54.3,93.6,0.0,6.8
Adilabad,Utnur,02-Nov-22,0,19.8,30.4,48.3,98.4,0.0,10.1
Adilabad,Utnur,06-Nov-22,0,15.5,33.0,30.4,97.6,0.0,8.1
Bhadradri Kothagudem,Allapalli,21-Nov-22,0,20.1,31.4,42.0,79.3,0.0,10.9
Bhadradri Kothagudem,Annapureddipalle,16-Nov-22,0,15.8,30.9,51.1,100.0,0.0,7.0
Bhadradri Kothagudem,Annapureddipalle,28-Nov-22,0,13.8,31.7,31.9,100.0,0.0,4.8
Bhadradri Kothagudem,Aswapuram,12-Nov-22,0,19.4,33.6,43.0,100.0,0.0,0.3
Bhadradri Kothagudem,Aswapuram,15-Nov-22,0,17.5,33.3,46.5,100.0,0.0,0.7
Bhadradri Kothagudem,Aswaraopeta,21-Nov-22,0,20.5,26.5,53.0,87.2,0.0,9.4
Bhadradri Kothagudem,Bhadrachalam,12-Nov-22,0,20.0,33.0,53.8,100.0,0.0,8.0
Bhadradri Kothagudem,Bhadrachalam,15-Nov-22,0,17.9,33.3,52.7,100.0,0.0,6.5
Bhadradri Kothagudem,Burgampadu,20-Nov-22,0,15.0,31.8,62.3,100.0,0.0,7.1
Bhadradri Kothagudem,Cherla,20-Nov-22,0,15.6,32.0,55.0,97.1,0.0,6.8
Bhadradri Kothagudem,Chunchupally,20-Nov-22,0,13.4,30.7,45.3,87.4,0.0,4.2
Bhadradri Kothagudem,Dammapeta,15-Nov-22,0,17.2,33.0,41.3,100.0,0.0,7.0
Bhadradri Kothagudem,Dummugudem,02-Nov-22,0,22.5,30.6,66.0,98.7,0.0,0.6
Bhadradri Kothagudem,Dummugudem,06-Nov-22,0,20.6,33.0,48.7,99.2,0.0,5.0
Bhadradri Kothagudem,Gundala,03-Nov-22,0,21.9,31.3,64.8,97.4,0.0,2.3
Bhadradri Kothagudem,Gundala,04-Nov-22,0,21.3,31.6,59.0,99.8,0.0,8.7
Bhadradri Kothagudem,Gundala,26-Nov-22,0,14.9,33.1,45.3,99.0,0.0,6.1
Bhadradri Kothagudem,Gundala,30-Nov-22,0,13.2,29.8,36.4,97.1,0.0,6.1
Bhadradri Kothagudem,Karakagudem,09-Nov-22,0,18.3,32.7,44.7,100.0,0.0,2.5
Bhadradri Kothagudem,Karakagudem,14-Nov-22,0,17.9,34.4,40.3,100.0,0.0,3.7
Bhadradri Kothagudem,Karakagudem,24-Nov-22,0,22.4,34.3,45.7,99.9,0.0,3.4
Bhadradri Kothagudem,Kothagudem,28-Nov-22,0,12.7,31.0,38.7,98.7,0.0,7.0
Bhadradri Kothagudem,Laxmidevipalli,07-Nov-22,0,18.7,32.4,50.4,93.6,0.0,5.3
Bhadradri Kothagudem,Laxmidevipalli,08-Nov-22,0,19.6,32.9,51.9,92.8,0.0,2.9
Bhadradri Kothagudem,Manuguru,19-Nov-22,0,17.8,33.4,35.6,97.9,0.0,1.2
Bhadradri Kothagudem,Manuguru,27-Nov-22,0,15.3,32.6,39.5,97.9,0.0,0.3
Bhadradri Kothagudem,Mulakalapalle,01-Nov-22,0,21.6,31.6,46.5,100.0,0.0,7.1
Bhadradri Kothagudem,Mulakalapalle,08-Nov-22,0,19.5,33.0,42.6,100.0,0.0,5.7
Bhadradri Kothagudem,Mulakalapalle,11-Nov-22,0,18.7,32.2,49.5,100.0,0.0,5.6
Bhadradri Kothagudem,Mulakalapalle,17-Nov-22,0,13.6,32.0,42.8,100.0,0.0,6.9
Bhadradri Kothagudem,Palawancha,02-Nov-22,0,20.3,30.9,64.9,100.0,0.0,3.7
Bhadradri Kothagudem,Palawancha,06-Nov-22,0,19.9,35.3,47.8,99.1,0.0,3.3
Bhadradri Kothagudem,Pinapaka,16-Nov-22,0,15.5,32.2,43.0,100.0,0.0,5.0
Bhadradri Kothagudem,Sujathanagar,01-Nov-22,0,22.4,31.0,42.6,92.2,0.0,3.6
Bhadradri Kothagudem,Sujathanagar,07-Nov-22,0,20.2,32.9,39.0,100.0,0.0,5.0
Bhadradri Kothagudem,Sujathanagar,08-Nov-22,0,20.4,32.9,38.4,100.0,0.0,3.2
Bhadradri Kothagudem,Sujathanagar,13-Nov-22,0,20.6,32.3,43.2,96.1,0.0,6.0
Bhadradri Kothagudem,Sujathanagar,17-Nov-22,0,15.2,31.0,28.6,100.0,0.0,0.7
Bhadradri Kothagudem,Tekulapalle,03-Nov-22,0,23.0,31.9,58.0,95.9,0.0,2.2
Bhadradri Kothagudem,Tekulapalle,04-Nov-22,0,22.7,33.0,55.7,97.2,0.0,4.3
Bhadradri Kothagudem,Tekulapalle,22-Nov-22,0,19.8,28.8,51.0,98.6,0.0,2.6
Bhadradri Kothagudem,Tekulapalle,26-Nov-22,0,18.3,32.5,50.9,98.2,0.0,6.8
Bhadradri Kothagudem,Tekulapalle,29-Nov-22,0,13.6,30.8,37.7,97.5,0.0,5.7
Hanumakonda,Atmakur,05-Nov-22,0,19.7,33.5,59.2,99.9,0.0,6.6
Hanumakonda,Atmakur,21-Nov-22,0,17.0,29.8,45.7,81.9,0.0,6.8
Hanumakonda,Atmakur,23-Nov-22,0,20.0,32.6,57.9,91.8,0.0,5.2
Hanumakonda,Atmakur,25-Nov-22,0,17.5,32.8,67.9,96.9,0.0,2.0
Hanumakonda,Bheemadevarapalle,18-Nov-22,0,14.8,30.5,31.4,88.1,0.0,3.1
Hanumakonda,Bheemadevarapalle,19-Nov-22,0,15.3,30.3,39.1,81.3,0.0,0.9
Hanumakonda,Damera,21-Nov-22,0,18.8,28.8,31.7,71.1,0.0,4.1
Hanumakonda,Damera,25-Nov-22,0,18.7,32.6,42.5,91.5,0.0,3.2
Hanumakonda,Dharmasagar,09-Nov-22,0,15.9,34.4,39.5,95.3,0.0,6.9
Hanumakonda,Dharmasagar,14-Nov-22,0,16.0,32.6,42.5,94.8,0.0,1.1
Hanumakonda,Dharmasagar,24-Nov-22,0,18.9,34.3,47.1,93.4,0.0,5.0
Hanumakonda,Elkathurthi,05-Nov-22,0,17.3,32.9,48.4,100.0,0.0,0.0
Hanumakonda,Elkathurthi,23-Nov-22,0,19.3,32.8,43.5,100.0,0.0,0.7
Hanumakonda,Elkathurthi,25-Nov-22,0,16.7,32.6,43.7,100.0,0.0,0.1
Hanumakonda,Hanumakonda,28-Nov-22,0,15.7,32.8,48.8,86.4,0.0,5.1
Hanumakonda,Hasanparthy,07-Nov-22,0,19.5,33.8,38.3,100.0,0.0,1.8
Hanumakonda,Hasanparthy,17-Nov-22,0,15.4,32.2,33.6,92.7,0.0,0.9
Hanumakonda,Inole,10-Nov-22,0,16.9,32.8,32.6,99.8,0.0,7.1
Hanumakonda,Inole,18-Nov-22,0,15.8,33.0,18.8,84.7,0.0,11.7
Hanumakonda,Kamalapur,05-Nov-22,0,19.6,32.8,45.6,100.0,0.0,3.3
Hanumakonda,Kamalapur,21-Nov-22,0,18.7,28.8,30.7,76.3,0.0,7.3
Hanumakonda,Kamalapur,23-Nov-22,0,21.3,33.7,40.9,85.5,0.0,7.0
Hanumakonda,Khazipet,02-Nov-22,0,21.1,27.1,59.5,86.9,0.0,2.2
Hanumakonda,Khazipet,06-Nov-22,0,18.5,33.0,42.7,100.0,0.0,6.4
Hanumakonda,Nadikuda,15-Nov-22,0,16.1,31.7,45.8,100.0,0.0,3.4
Hanumakonda,Parkal,12-Nov-22,0,17.8,30.5,49.6,98.5,0.0,7.5
Hanumakonda,Parkal,15-Nov-22,0,16.8,30.2,53.9,100.0,0.0,2.9
Hanumakonda,Shayampet,01-Nov-22,0,19.1,30.6,53.7,95.5,0.0,4.6
Hanumakonda,Shayampet,07-Nov-22,0,18.6,35.1,57.5,99.9,0.0,4.8
Hanumakonda,Velair,22-Nov-22,0,21.1,29.0,45.3,85.1,0.0,2.5
Hanumakonda,Velair,29-Nov-22,0,11.5,30.2,33.5,98.4,0.0,3.1
Hyderabad,Amberpet,05-Nov-22,0,22.4,30.4,51.7,92.0,0.0,1.7
Hyderabad,Amberpet,23-Nov-22,0,22.9,29.9,42.9,82.2,0.0,33.7
Hyderabad,Amberpet,25-Nov-22,0,21.9,28.3,52.7,83.1,0.0,33.1
Hyderabad,Ameerpet,16-Nov-22,0,18.0,30.2,46.5,75.9,0.0,1.2
Hyderabad,Asifnagar,09-Nov-22,0,19.7,32.4,18.5,73.5,0.0,22.0
Hyderabad,Asifnagar,14-Nov-22,0,20.6,31.3,35.6,74.1,0.0,22.8
Hyderabad,Asifnagar,24-Nov-22,0,23.2,29.9,43.6,87.1,0.0,6.0
Hyderabad,Bahadurpura,16-Nov-22,0,16.6,32.4,25.3,74.4,0.0,3.4
Hyderabad,Bandlaguda,02-Nov-22,0,20.9,26.1,57.4,89.7,0.0,8.6
Hyderabad,Bandlaguda,20-Nov-22,0,17.0,28.1,35.7,66.0,0.0,13.9
Hyderabad,Charminar,07-Nov-22,0,19.1,31.8,36.4,83.2,0.0,3.9
Hyderabad,Charminar,11-Nov-22,0,20.3,30.2,39.7,71.7,0.0,5.6
Hyderabad,Golkonda,12-Nov-22,0,21.2,30.9,32.2,69.6,0.0,13.6
Hyderabad,Golkonda,15-Nov-22,0,17.7,31.1,40.7,81.2,0.0,8.5
Hyderabad,Himayatnagar,22-Nov-22,0,22.3,29.2,32.7,62.3,0.0,26.1
Hyderabad,Himayatnagar,26-Nov-22,0,21.5,30.5,47.9,62.7,0.0,37.8
Hyderabad,Himayatnagar,29-Nov-22,0,19.5,30.8,32.3,64.1,0.0,15.4
Hyderabad,Himayatnagar,30-Nov-22,0,18.8,29.6,14.5,67.5,0.0,54.2
Hyderabad,Khairatabad,04-Nov-22,0,22.1,32.9,37.3,83.7,0.0,6.2
Hyderabad,Khairatabad,30-Nov-22,0,17.2,31.9,21.7,70.2,0.0,2.8
Hyderabad,Musheerabad,10-Nov-22,0,19.8,29.8,41.0,78.0,0.0,2.9
Hyderabad,Musheerabad,18-Nov-22,0,19.8,30.4,23.0,72.3,0.0,3.7
Hyderabad,Nampally,09-Nov-22,0,19.2,31.4,27.5,73.2,0.0,65.1
Hyderabad,Nampally,14-Nov-22,0,20.7,31.7,42.7,71.0,0.0,65.1
Hyderabad,Nampally,24-Nov-22,0,23.2,29.9,49.8,81.1,0.0,1.7
Hyderabad,Saidabad,16-Nov-22,0,17.9,31.0,36.9,72.4,0.0,3.7
Hyderabad,Secunderabad,02-Nov-22,0,21.2,25.7,57.2,100.0,0.0,2.5
Hyderabad,Secunderabad,06-Nov-22,0,19.5,31.2,45.5,76.1,0.0,4.5
Hyderabad,Secunderabad,20-Nov-22,0,16.4,27.5,36.7,68.9,0.0,4.3
Hyderabad,Tirumalgiri,02-Nov-22,0,20.4,25.9,64.6,89.4,0.0,6.6
Hyderabad,Tirumalgiri,06-Nov-22,0,17.8,31.3,53.6,81.3,0.0,9.6
Hyderabad,Tirumalgiri,20-Nov-22,0,16.4,27.0,46.3,68.1,0.0,12.6
Jagtial,Buggaram,01-Nov-22,0,18.7,30.2,44.9,100.0,0.0,5.3
Jagtial,Buggaram,07-Nov-22,0,19.1,33.3,32.0,100.0,0.0,0.4
Jagtial,Buggaram,08-Nov-22,0,18.4,32.7,46.9,100.0,0.0,7.0
Jagtial,Buggaram,11-Nov-22,0,17.9,31.2,36.5,100.0,0.0,5.3
Jagtial,Buggaram,13-Nov-22,0,17.7,31.1,41.4,100.0,0.0,8.8
Jagtial,Buggaram,17-Nov-22,0,15.7,30.6,32.8,100.0,0.0,6.3
Jagtial,Dharmapuri,04-Nov-22,0,16.2,33.8,37.6,100.0,0.0,4.4
Jagtial,Dharmapuri,22-Nov-22,0,18.3,34.8,25.5,91.0,0.0,5.1
Jagtial,Dharmapuri,26-Nov-22,0,14.2,34.7,23.6,100.0,0.0,5.0
Jagtial,Dharmapuri,29-Nov-22,0,12.6,34.2,26.5,100.0,0.0,7.1
Jagtial,Gollapalle,05-Nov-22,0,15.1,32.2,39.9,99.7,0.0,6.5
Jagtial,Gollapalle,23-Nov-22,0,19.1,31.8,22.2,91.0,0.0,6.7
Jagtial,Gollapalle,25-Nov-22,0,17.2,31.9,40.6,98.9,0.0,5.7
Jagtial,Ibrahimpatnam,16-Nov-22,0,14.5,34.5,32.1,97.0,0.0,4.6
Jagtial,Ibrahimpatnam,28-Nov-22,0,16.7,34.3,32.6,96.4,0.0,4.8
Jagtial,Jagityal_Rural,18-Nov-22,0,17.4,32.5,32.3,95.0,0.0,17.7
Jagtial,Jagityal_Rural,27-Nov-22,0,12.9,32.2,34.1,96.4,0.0,5.6
Jagtial,Jagtial,28-Nov-22,0,10.8,30.6,36.6,99.9,0.0,5.0
Jagtial,Kathlapur,09-Nov-22,0,16.9,34.7,25.1,99.9,0.0,5.5
Jagtial,Kathlapur,14-Nov-22,0,17.2,32.1,39.4,99.9,0.0,6.5
Jagtial,Kodimial,12-Nov-22,0,14.5,30.0,29.5,98.2,0.0,12.7
Jagtial,Kodimial,15-Nov-22,0,13.4,30.2,32.7,100.0,0.0,9.0
Jagtial,Koratla,28-Nov-22,0,12.0,32.9,21.5,100.0,0.0,2.9
Jagtial,Mallapur,09-Nov-22,0,15.9,34.0,24.8,100.0,0.0,5.7
Jagtial,Mallapur,14-Nov-22,0,16.5,32.8,37.7,97.5,0.0,3.8
Jagtial,Mallapur,24-Nov-22,0,18.1,33.6,39.5,97.8,0.0,8.2
Jagtial,Medipalle,19-Nov-22,0,13.6,30.6,33.2,95.9,0.0,11.5
Jagtial,Medipalle,27-Nov-22,0,12.9,32.9,30.7,99.9,0.0,8.5
Jagtial,Metpalle,06-Nov-22,0,16.5,34.6,35.6,99.3,0.0,4.3
Jagtial,Metpalle,20-Nov-22,0,11.8,28.2,40.6,96.8,0.0,5.4
Jagtial,Pegadapalle,24-Nov-22,0,17.1,32.9,42.3,96.9,0.0,4.6
Jagtial,Raikal,12-Nov-22,0,14.6,32.2,30.6,99.9,0.0,0.4
Jagtial,Raikal,15-Nov-22,0,13.6,31.5,34.3,97.8,0.0,3.1
Jagtial,Sarangapur,20-Nov-22,0,11.3,29.1,41.9,94.7,0.0,3.8
Jagtial,Velgatoor,12-Nov-22,0,17.1,34.9,34.6,100.0,0.0,12.4
Jangaon,Bachannapeta,28-Nov-22,0,12.3,32.0,30.7,87.5,0.0,10.5
Jangaon,Chilpur,05-Nov-22,0,19.3,32.2,56.6,99.9,0.0,1.0
Jangaon,Chilpur,23-Nov-22,0,20.7,32.3,54.3,95.5,0.0,0.2
Jangaon,Chilpur,25-Nov-22,0,17.6,34.5,55.6,95.6,0.0,3.1
Jangaon,Devaruppala,01-Nov-22,0,18.3,30.9,45.4,93.8,0.0,12.6
Jangaon,Devaruppala,07-Nov-22,0,17.6,32.8,40.9,97.1,0.0,10.8
Jangaon,Devaruppala,08-Nov-22,0,16.5,33.0,38.0,96.8,0.0,14.3
Jangaon,Devaruppala,11-Nov-22,0,18.2,31.8,43.1,90.4,0.0,14.8
Jangaon,Devaruppala,13-Nov-22,0,17.5,32.1,46.5,93.9,0.0,10.2
Jangaon,Devaruppala,17-Nov-22,0,13.5,31.8,31.7,89.3,0.0,10.2
Jangaon,Ganpur_Stn,03-Nov-22,0,18.6,32.8,48.8,100.0,0.0,7.8
Jangaon,Ganpur_Stn,04-Nov-22,0,18.6,33.8,48.8,100.0,0.0,7.6
Jangaon,Ganpur_Stn,30-Nov-22,0,12.9,29.9,38.3,96.7,0.0,9.0
Jangaon,Kodakandla,21-Nov-22,0,21.1,29.1,34.3,62.8,2.6,9.7
Jangaon,Kodakandla,23-Nov-22,0,22.9,32.4,46.8,88.7,0.0,10.8
Jangaon,Lingalaghanpur,01-Nov-22,0,18.4,29.1,49.8,100.0,0.0,17.3
Jangaon,Lingalaghanpur,08-Nov-22,0,16.6,31.5,34.9,100.0,0.0,0.5
Jangaon,Lingalaghanpur,11-Nov-22,0,18.7,30.0,43.4,89.4,0.0,10.8
Jangaon,Lingalaghanpur,13-Nov-22,0,17.4,30.0,47.1,91.8,0.0,5.7
Jangaon,Lingalaghanpur,17-Nov-22,0,13.9,29.8,26.8,92.9,0.0,2.1
Jangaon,Narmetta,12-Nov-22,0,16.5,29.6,39.6,95.7,0.0,9.0
Jangaon,Narmetta,15-Nov-22,0,15.5,31.6,46.8,95.2,0.0,5.4
Jangaon,Palakurthi,10-Nov-22,0,15.8,34.2,41.2,100.0,0.0,8.4
Jangaon,Palakurthi,18-Nov-22,0,12.9,32.9,28.5,100.0,0.0,13.6
Jangaon,Raghunathpalle,19-Nov-22,0,14.8,29.5,40.0,94.5,0.0,13.2
Jangaon,Raghunathpalle,27-Nov-22,0,13.4,30.4,37.1,95.3,0.0,8.4
Jangaon,Tharigoppula,07-Nov-22,0,17.2,32.1,37.2,99.3,0.0,7.9
Jangaon,Tharigoppula,17-Nov-22,0,12.2,31.9,27.6,95.4,0.0,7.2
Jangaon,Zaffergadh,22-Nov-22,0,21.0,30.0,42.9,93.2,0.0,8.1
Jangaon,Zaffergadh,26-Nov-22,0,15.3,33.1,31.6,98.9,0.0,2.9
Jangaon,Zaffergadh,29-Nov-22,0,11.9,32.0,28.6,100.0,0.0,3.4
Jayashankar,Bhupalpalle,02-Nov-22,0,23.1,31.4,68.3,100.0,0.0,0.9
Jayashankar,Bhupalpalle,06-Nov-22,0,20.1,36.1,41.7,100.0,0.0,4.1
Jayashankar,Chityal,05-Nov-22,0,17.9,33.6,44.6,99.8,0.0,5.0
Jayashankar,Chityal,25-Nov-22,0,17.4,33.0,41.3,93.7,0.0,3.9
Jayashankar,Ghanapur_Mulug,01-Nov-22,0,19.4,31.5,54.8,96.1,0.0,0.3
Jayashankar,Ghanapur_Mulug,07-Nov-22,0,19.7,32.8,55.3,100.0,0.0,0.1
Jayashankar,Ghanapur_Mulug,17-Nov-22,0,14.5,32.0,40.3,100.0,0.0,1.5
Jayashankar,Mahadevpur,20-Nov-22,0,14.3,30.3,44.7,100.0,0.0,11.7
Jayashankar,Malharrao,16-Nov-22,0,12.4,31.9,39.7,100.0,0.0,5.0
Jayashankar,Mogullapalle,01-Nov-22,0,18.8,32.3,57.3,99.9,0.0,6.5
Jayashankar,Mogullapalle,07-Nov-22,0,18.3,33.7,44.7,100.0,0.0,5.2
Jayashankar,Mogullapalle,08-Nov-22,0,16.6,33.7,41.4,100.0,0.0,6.2
Jayashankar,Mogullapalle,11-Nov-22,0,16.7,32.6,44.4,100.0,0.0,7.2
Jayashankar,Mogullapalle,13-Nov-22,0,16.4,32.6,44.4,100.0,0.0,7.6
Jayashankar,Mogullapalle,17-Nov-22,0,12.9,32.4,34.0,100.0,0.0,9.1
Jayashankar,Mutharam_Mahadevpur,09-Nov-22,0,17.1,32.1,47.7,99.1,0.0,0.0
Jayashankar,Mutharam_Mahadevpur,14-Nov-22,0,15.5,31.9,52.8,95.0,0.0,9.9
Jayashankar,Mutharam_Mahadevpur,24-Nov-22,0,19.1,32.4,60.5,93.4,0.0,6.4
Jayashankar,Palmela,12-Nov-22,0,17.9,31.9,51.8,98.5,0.0,0.3
Jayashankar,Palmela,15-Nov-22,0,16.4,31.5,51.0,99.4,0.0,0.0
Jayashankar,Regonda,02-Nov-22,0,20.7,29.1,68.7,100.0,0.0,3.0
Jayashankar,Regonda,06-Nov-22,0,17.0,35.8,30.8,100.0,0.0,6.1
Jayashankar,Tekumatla,18-Nov-22,0,14.5,33.0,34.8,99.9,0.0,10.4
Jayashankar,Tekumatla,27-Nov-22,0,13.0,32.7,32.1,99.9,0.0,10.3
Jogulamba Gadwal,Alampur,21-Nov-22,0,19.2,30.6,34.7,73.2,0.0,10.8
Jogulamba Gadwal,Dharur,27-Nov-22,0,17.4,32.2,38.4,92.2,0.0,9.0
Jogulamba Gadwal,Gadwal,07-Nov-22,0,17.5,32.8,31.0,100.0,0.0,5.9
Jogulamba Gadwal,Gadwal,08-Nov-22,0,16.3,32.5,33.0,100.0,0.0,5.4
Jogulamba Gadwal,Ghattu,16-Nov-22,0,18.0,30.4,50.7,100.0,0.0,7.2
Jogulamba Gadwal,Itikyal,01-Nov-22,0,19.9,31.2,38.4,100.0,0.0,4.3
Jogulamba Gadwal,Itikyal,11-Nov-22,0,19.3,30.3,55.2,100.0,0.0,7.6
Jogulamba Gadwal,Itikyal,13-Nov-22,0,21.0,30.3,56.7,100.0,0.0,7.8
Jogulamba Gadwal,Itikyal,17-Nov-22,0,15.1,32.1,27.8,100.0,0.0,4.7
Jogulamba Gadwal,Kaloor_Timmanadoddi,04-Nov-22,0,20.7,32.9,43.2,100.0,0.0,12.8
Jogulamba Gadwal,Kaloor_Timmanadoddi,22-Nov-22,0,19.8,25.8,44.6,100.0,0.0,7.1
Jogulamba Gadwal,Kaloor_Timmanadoddi,26-Nov-22,0,20.7,33.0,45.3,96.4,0.0,12.1
Jogulamba Gadwal,Maldakal,05-Nov-22,0,21.0,31.8,56.5,99.9,0.0,11.6
Jogulamba Gadwal,Maldakal,21-Nov-22,0,16.7,27.3,41.8,90.8,0.0,7.5
Jogulamba Gadwal,Maldakal,23-Nov-22,0,22.1,31.1,52.1,94.2,0.0,9.1
Jogulamba Gadwal,Maldakal,25-Nov-22,0,20.9,31.9,54.8,99.4,0.0,7.6
Jogulamba Gadwal,Manopad,24-Nov-22,0,19.9,29.7,56.2,96.8,3.4,13.6
Jogulamba Gadwal,Undavelli,03-Nov-22,0,21.6,30.5,63.8,100.0,0.0,9.2
Jogulamba Gadwal,Undavelli,04-Nov-22,0,19.8,31.5,57.6,100.0,0.0,11.7
Jogulamba Gadwal,Undavelli,30-Nov-22,0,13.3,31.8,38.8,100.0,0.0,4.6
Jogulamba Gadwal,Waddepalle,03-Nov-22,0,22.0,29.7,53.5,100.0,0.0,7.1
Jogulamba Gadwal,Waddepalle,04-Nov-22,0,20.7,31.8,46.3,100.0,0.0,8.4
Jogulamba Gadwal,Waddepalle,29-Nov-22,0,17.1,31.8,43.5,99.4,0.0,5.3
Jogulamba Gadwal,Waddepalle,30-Nov-22,0,15.3,32.0,35.3,85.5,0.0,3.4
Kamareddy,Banswada,12-Nov-22,0,15.0,30.9,50.6,99.1,0.0,14.9
Kamareddy,Bhiknur,20-Nov-22,0,11.5,30.7,39.1,95.5,0.0,6.1
Kamareddy,Bibipet,21-Nov-22,0,14.6,26.6,39.4,87.8,0.0,5.1
Kamareddy,Bichkunda,01-Nov-22,0,15.1,30.5,28.7,100.0,0.0,10.7
Kamareddy,Bichkunda,08-Nov-22,0,15.7,33.0,29.0,100.0,0.0,10.0
Kamareddy,Bichkunda,11-Nov-22,0,13.5,32.4,25.2,100.0,0.0,7.3
Kamareddy,Bichkunda,13-Nov-22,0,14.0,31.9,26.5,100.0,0.0,14.6
Kamareddy,Bichkunda,17-Nov-22,0,12.4,32.0,20.1,100.0,0.0,9.8
Kamareddy,Birkoor,05-Nov-22,0,13.4,32.1,31.3,99.3,0.0,5.0
Kamareddy,Birkoor,23-Nov-22,0,17.9,30.2,32.9,86.3,0.0,7.5
Kamareddy,Birkoor,25-Nov-22,0,17.5,31.2,44.0,96.4,0.0,4.3
Kamareddy,Domakonda,02-Nov-22,0,18.8,30.6,52.0,100.0,0.0,2.1
Kamareddy,Domakonda,06-Nov-22,0,14.3,31.8,36.3,100.0,0.0,6.4
Kamareddy,Gandhari,10-Nov-22,0,12.5,30.2,25.0,100.0,0.0,5.5
Kamareddy,Gandhari,18-Nov-22,0,11.9,30.6,23.1,99.9,0.0,9.2
Kamareddy,Jukkal,18-Nov-22,0,13.5,30.6,34.7,90.8,0.0,8.9
Kamareddy,Jukkal,19-Nov-22,0,13.0,28.9,39.0,92.8,0.0,12.6
Kamareddy,Kamareddy,01-Nov-22,0,16.5,31.3,26.7,82.3,0.0,6.0
Kamareddy,Kamareddy,07-Nov-22,0,14.0,32.4,29.8,89.2,0.0,10.4
Kamareddy,Kamareddy,08-Nov-22,0,15.6,32.8,29.1,89.2,0.0,11.2
Kamareddy,Kamareddy,17-Nov-22,0,11.2,31.9,24.9,81.3,0.0,9.9
Kamareddy,Lingampet,05-Nov-22,0,13.4,31.8,43.1,97.8,0.0,5.9
Kamareddy,Lingampet,21-Nov-22,0,12.1,27.3,36.0,89.9,0.0,5.9
Kamareddy,Lingampet,23-Nov-22,0,16.7,30.7,43.3,89.5,0.0,5.2
Kamareddy,Machareddy,23-Nov-22,0,17.4,30.7,46.5,100.0,0.0,9.0
Kamareddy,Machareddy,25-Nov-22,0,16.5,31.1,48.7,100.0,0.0,6.6
Kamareddy,Madnur,22-Nov-22,0,17.7,30.6,32.8,81.9,0.0,26.1
Kamareddy,Madnur,26-Nov-22,0,13.4,32.6,35.9,94.8,0.0,6.3
Kamareddy,Madnur,29-Nov-22,0,11.8,32.4,31.7,95.3,0.0,9.2
Kamareddy,Naga_Reddipet,09-Nov-22,0,13.9,31.6,20.3,100.0,0.0,9.0
Kamareddy,Naga_Reddipet,14-Nov-22,0,15.7,30.7,34.2,96.7,0.0,10.8
Kamareddy,Nasurullabad,16-Nov-22,0,10.8,31.2,31.9,99.1,0.0,9.4
Kamareddy,Nizamsagar,03-Nov-22,0,18.0,32.8,45.5,99.9,0.0,5.8
Kamareddy,Nizamsagar,04-Nov-22,0,18.0,34.7,37.3,99.9,0.0,4.6
Kamareddy,Nizamsagar,26-Nov-22,0,16.4,34.5,39.0,94.8,0.0,16.7
Kamareddy,Nizamsagar,30-Nov-22,0,13.1,32.7,22.2,96.6,0.0,8.8
Kamareddy,Pedda Kodapgal,07-Nov-22,0,15.3,33.0,50.8,100.0,0.0,2.8
Kamareddy,Rajampet,10-Nov-22,0,17.1,29.6,36.8,86.8,0.0,2.2
Kamareddy,Rajampet,18-Nov-22,0,15.2,28.7,35.1,74.4,0.0,10.1
Kamareddy,Rajampet,19-Nov-22,0,15.7,28.3,39.9,72.5,0.3,5.0
Kamareddy,Ramareddy,07-Nov-22,0,14.7,31.4,44.4,88.8,0.0,3.4
Kamareddy,Ramareddy,08-Nov-22,0,14.6,31.6,39.6,88.9,0.0,2.0
Kamareddy,Sadasivanagar,07-Nov-22,0,17.0,30.4,40.5,75.3,0.0,1.4
Kamareddy,Tadwai,02-Nov-22,0,18.6,30.1,43.2,89.6,0.0,5.4
Kamareddy,Tadwai,06-Nov-22,0,16.1,33.6,34.2,84.3,0.0,5.3
Kamareddy,Yellareddy,03-Nov-22,0,16.7,29.7,59.6,100.0,0.0,4.3
Kamareddy,Yellareddy,04-Nov-22,0,16.4,31.9,44.0,100.0,0.0,5.1
Kamareddy,Yellareddy,30-Nov-22,0,12.4,30.6,19.5,91.8,0.0,2.8
Karimnagar,Chigurumamidi,02-Nov-22,0,19.4,30.7,44.3,100.0,0.0,3.8
Karimnagar,Chigurumamidi,06-Nov-22,0,14.8,34.5,23.5,100.0,0.0,7.3
Karimnagar,Choppadandi,03-Nov-22,0,17.4,29.1,60.1,100.0,0.0,7.1
Karimnagar,Choppadandi,04-Nov-22,0,16.7,32.1,45.7,96.5,0.0,7.1
Karimnagar,Choppadandi,26-Nov-22,0,14.1,31.4,34.0,94.9,0.0,13.7
Karimnagar,Choppadandi,30-Nov-22,0,12.0,30.8,33.8,96.1,0.0,6.1
Karimnagar,Ellandakunta,05-Nov-22,0,18.5,34.9,40.6,95.5,0.0,3.9
Karimnagar,Ellandakunta,23-Nov-22,0,21.0,33.1,38.5,89.0,0.0,4.7
Karimnagar,Ellandakunta,25-Nov-22,0,19.9,33.1,37.9,88.9,0.0,4.5
Karimnagar,Gangadhara,08-Nov-22,0,16.0,32.5,29.1,100.0,0.0,4.7
Karimnagar,Gangadhara,11-Nov-22,0,15.4,30.8,32.9,100.0,0.0,6.2
Karimnagar,Gangadhara,13-Nov-22,0,15.1,30.8,31.2,95.1,0.0,5.9
Karimnagar,Gangadhara,17-Nov-22,0,12.8,30.7,22.6,93.0,0.0,4.0
Karimnagar,Gannervaram,15-Nov-22,0,16.3,32.0,39.7,96.8,0.0,3.2
Karimnagar,Huzurabad,03-Nov-22,0,18.5,28.9,60.1,94.9,0.0,4.4
Karimnagar,Huzurabad,04-Nov-22,0,18.8,32.5,56.0,94.2,0.0,0.1
Karimnagar,Huzurabad,26-Nov-22,0,15.9,31.5,34.5,87.6,0.0,13.6
Karimnagar,Huzurabad,30-Nov-22,0,13.8,30.4,32.7,90.4,0.0,0.6
Karimnagar,Jammikunta,09-Nov-22,0,15.2,34.1,29.0,100.0,0.0,7.5
Karimnagar,Jammikunta,14-Nov-22,0,15.7,34.1,35.3,100.0,0.0,7.7
Karimnagar,Jammikunta,24-Nov-22,0,17.7,32.8,40.4,99.1,0.0,6.1
Karimnagar,Karimnagar,16-Nov-22,0,15.0,31.5,27.1,74.1,0.0,8.5
Karimnagar,Karimnagar_Rural,22-Nov-22,0,20.2,30.4,39.4,75.9,0.0,9.0
Karimnagar,Karimnagar_Rural,26-Nov-22,0,16.2,31.4,34.5,85.3,0.0,2.7
Karimnagar,Karimnagar_Rural,29-Nov-22,0,13.7,31.2,31.3,93.5,0.0,6.8
Karimnagar,Kothapalle,18-Nov-22,0,15.6,31.5,25.2,100.0,0.0,13.1
Karimnagar,Manakondur,20-Nov-22,0,14.0,30.3,31.4,94.1,0.0,7.9
Karimnagar,Ramadugu,21-Nov-22,0,15.8,27.7,29.0,78.3,0.0,10.0
Karimnagar,Ramadugu,23-Nov-22,0,18.2,31.3,35.7,85.4,0.0,8.9
Karimnagar,Shankarapatnam,18-Nov-22,0,14.3,31.0,22.7,100.0,0.0,16.5
Karimnagar,Shankarapatnam,19-Nov-22,0,14.3,30.7,27.5,100.0,0.0,11.8
Karimnagar,Shankarapatnam,27-Nov-22,0,13.8,31.9,24.0,100.0,0.0,13.7
Karimnagar,Thimmapur,01-Nov-22,0,16.8,32.5,33.0,100.0,0.0,12.5
Karimnagar,Thimmapur,07-Nov-22,0,16.6,35.3,25.3,100.0,0.0,7.9
Karimnagar,Thimmapur,17-Nov-22,0,11.1,32.5,22.7,93.4,0.0,11.8
Karimnagar,V_Saidapur,07-Nov-22,0,17.8,33.0,35.1,93.3,0.0,9.8
Karimnagar,V_Saidapur,11-Nov-22,0,16.3,32.1,35.9,88.6,0.0,9.9
Karimnagar,V_Saidapur,13-Nov-22,0,17.2,31.8,36.4,86.1,0.0,8.1
Karimnagar,Veenavanka,05-Nov-22,0,19.5,34.5,36.1,87.6,0.0,8.7
Karimnagar,Veenavanka,23-Nov-22,0,23.4,33.2,33.5,83.2,0.0,9.6
Karimnagar,Veenavanka,25-Nov-22,0,20.7,34.0,31.1,66.5,0.0,4.8
Khammam,Bonakal,05-Nov-22,0,23.0,33.5,58.9,100.0,0.0,8.0
Khammam,Bonakal,23-Nov-22,0,23.0,31.5,62.7,98.2,0.0,6.3
Khammam,Bonakal,25-Nov-22,0,22.7,34.8,52.7,100.0,0.0,2.8
Khammam,Chinthakani,10-Nov-22,0,20.1,35.6,39.6,98.1,0.0,4.6
Khammam,Chinthakani,18-Nov-22,0,16.0,32.4,38.4,95.0,0.0,5.8
Khammam,Chinthakani,27-Nov-22,0,17.2,34.8,33.8,95.9,0.0,5.9
Khammam,Enkuru,01-Nov-22,0,20.7,35.4,46.4,99.9,0.0,12.3
Khammam,Enkuru,08-Nov-22,0,19.1,35.8,38.1,100.0,0.0,4.9
Khammam,Enkuru,11-Nov-22,0,18.7,33.3,42.1,98.7,0.0,9.3
Khammam,Enkuru,13-Nov-22,0,19.5,34.3,43.3,98.9,0.0,8.2
Khammam,Enkuru,17-Nov-22,0,14.5,33.4,34.0,99.4,0.0,5.6
Khammam,Kalluru,03-Nov-22,0,23.7,32.8,63.0,99.9,0.0,8.4
Khammam,Kalluru,04-Nov-22,0,22.8,31.9,63.5,99.9,0.0,7.2
Khammam,Kalluru,22-Nov-22,0,19.8,27.6,60.0,99.9,0.0,4.8
Khammam,Kalluru,30-Nov-22,0,16.1,32.2,44.2,99.9,0.0,4.3
Khammam,Kamepalle,22-Nov-22,0,20.1,27.6,71.8,99.9,0.0,2.4
Khammam,Kamepalle,26-Nov-22,0,19.2,31.8,56.7,99.9,0.0,2.0
Khammam,Kamepalle,29-Nov-22,0,16.4,33.0,35.1,94.4,0.0,4.1
Khammam,Khammam_Rural,21-Nov-22,0,22.0,31.1,50.4,84.4,0.0,2.6
Khammam,Khammam_Rural,23-Nov-22,0,23.5,32.4,66.4,100.0,0.0,5.4
Khammam,Khammam_Urban,16-Nov-22,0,17.4,34.3,37.7,99.9,0.0,2.3
Khammam,Konijerla,10-Nov-22,0,19.3,34.9,44.9,99.9,0.0,11.5
Khammam,Konijerla,18-Nov-22,0,16.2,34.1,41.4,96.7,0.0,8.5
Khammam,Kusumanchi,09-Nov-22,0,21.5,33.0,37.6,100.0,0.0,5.2
Khammam,Kusumanchi,14-Nov-22,0,21.4,32.2,46.0,97.3,0.0,7.2
Khammam,Kusumanchi,24-Nov-22,0,22.9,31.1,63.4,100.0,0.0,6.5
Khammam,Madhira,01-Nov-22,0,22.6,33.7,55.0,99.6,0.0,8.4
Khammam,Madhira,07-Nov-22,0,19.6,33.9,45.7,100.0,0.0,4.3
Khammam,Mudigonda,28-Nov-22,0,16.3,34.8,38.7,99.9,0.0,5.1
Khammam,Nelakondapalle,02-Nov-22,0,23.1,33.0,68.7,96.9,0.0,4.3
Khammam,Nelakondapalle,06-Nov-22,0,22.1,35.2,64.1,96.9,0.0,0.4
Khammam,Penuballi,05-Nov-22,0,21.4,32.5,72.8,98.1,0.0,16.5
Khammam,Penuballi,25-Nov-22,0,21.8,31.6,65.6,97.8,0.0,9.7
Khammam,Raghunadhapalem,05-Nov-22,0,21.6,32.9,66.9,100.0,0.0,7.8
Khammam,Raghunadhapalem,25-Nov-22,0,21.7,32.9,52.4,100.0,0.0,4.0
Khammam,Sathupalle,15-Nov-22,0,17.3,34.3,42.2,100.0,0.0,5.1
Khammam,Singareni,19-Nov-22,0,16.9,30.9,36.5,92.4,0.0,3.7
Khammam,Singareni,27-Nov-22,0,15.2,32.7,36.3,99.1,0.0,3.8
Khammam,Thallada,12-Nov-22,0,20.8,35.8,46.1,100.0,0.0,10.8
Khammam,Thallada,15-Nov-22,0,19.9,35.8,47.0,100.0,0.0,5.9
Khammam,Thirumalayapalem,07-Nov-22,0,20.0,32.8,56.4,100.0,0.0,10.3
Khammam,Thirumalayapalem,17-Nov-22,0,14.3,32.2,37.5,100.0,0.0,5.7
Khammam,Vemsoor,04-Nov-22,0,22.6,32.6,60.9,95.4,0.0,0.0
Khammam,Vemsoor,30-Nov-22,0,15.9,32.2,44.7,94.0,0.0,0.0
Khammam,Wyra,21-Nov-22,0,22.6,32.5,49.8,76.5,0.0,9.6
Khammam,Wyra,25-Nov-22,0,22.7,31.4,71.6,100.0,0.0,5.7
Khammam,Yerrupalem,15-Nov-22,0,20.7,32.6,56.3,100.0,0.0,8.9
Kumuram Bheem,Bejjur,05-Nov-22,0,16.1,33.7,25.2,100.0,0.0,6.2
Kumuram Bheem,Bejjur,21-Nov-22,0,16.2,29.3,31.5,90.6,0.0,12.6
Kumuram Bheem,Bejjur,23-Nov-22,0,18.7,31.9,44.2,89.4,0.0,10.8
Kumuram Bheem,Bejjur,25-Nov-22,0,15.5,31.7,31.7,100.0,0.0,10.8
Kumuram Bheem,Chintalamanepally,19-Nov-22,0,14.8,28.7,58.3,89.1,0.0,7.9
Kumuram Bheem,Chintalamanepally,27-Nov-22,0,11.0,29.4,48.7,94.2,0.0,5.7
Kumuram Bheem,Dahegaon,09-Nov-22,0,16.4,31.4,42.4,92.6,0.0,6.3
Kumuram Bheem,Dahegaon,14-Nov-22,0,15.7,32.5,46.5,99.9,0.0,9.0
Kumuram Bheem,Dahegaon,24-Nov-22,0,18.1,33.0,47.8,99.9,0.0,7.1
Kumuram Bheem,Jainoor,01-Nov-22,0,15.9,27.6,38.4,90.3,0.0,9.2
Kumuram Bheem,Jainoor,07-Nov-22,0,17.4,31.4,37.0,89.4,0.0,7.1
Kumuram Bheem,Jainoor,08-Nov-22,0,15.8,32.1,27.1,84.2,0.0,10.1
Kumuram Bheem,Jainoor,13-Nov-22,0,14.6,29.1,39.8,91.1,0.0,13.9
Kumuram Bheem,Jainoor,17-Nov-22,0,14.5,29.6,28.6,83.5,0.0,8.1
Kumuram Bheem,Kagaznagar,07-Nov-22,0,17.5,34.3,39.7,99.9,0.0,2.6
Kumuram Bheem,Kagaznagar,11-Nov-22,0,16.3,31.0,42.0,99.9,0.0,10.7
Kumuram Bheem,Kagaznagar,13-Nov-22,0,15.7,32.9,40.6,99.9,0.0,5.4
Kumuram Bheem,Kerameri,28-Nov-22,0,11.0,29.0,32.7,81.1,0.0,8.8
Kumuram Bheem,Kouthala,01-Nov-22,0,17.0,28.7,62.6,99.9,0.0,2.3
Kumuram Bheem,Kouthala,07-Nov-22,0,19.0,32.4,55.3,99.9,0.0,0.0
Kumuram Bheem,Kouthala,17-Nov-22,0,13.2,32.4,44.3,99.9,0.0,2.2
Kumuram Bheem,Lingapur,04-Nov-22,0,15.8,30.6,42.3,86.4,0.0,11.4
Kumuram Bheem,Lingapur,30-Nov-22,0,13.9,28.4,38.2,77.3,0.0,9.8
Kumuram Bheem,Penchikalpet,04-Nov-22,0,16.8,32.0,46.5,97.8,0.0,8.1
Kumuram Bheem,Penchikalpet,30-Nov-22,0,13.2,29.3,40.0,97.8,0.0,10.2
Kumuram Bheem,Rebbana,10-Nov-22,0,15.8,32.3,47.1,98.2,0.0,5.1
Kumuram Bheem,Rebbana,18-Nov-22,0,15.3,32.2,39.1,95.3,0.0,9.0
Kumuram Bheem,Rebbana,19-Nov-22,0,14.0,30.4,47.7,95.2,0.0,8.5
Kumuram Bheem,Sirpur_T,02-Nov-22,0,20.8,32.6,53.4,100.0,0.0,2.4
Kumuram Bheem,Sirpur_T,06-Nov-22,0,16.8,32.3,40.4,100.0,0.0,3.4
Kumuram Bheem,Sirpur_T,20-Nov-22,0,11.6,29.6,41.1,100.0,0.0,10.0
Kumuram Bheem,Sirpur_U,21-Nov-22,0,9.3,27.2,33.3,94.5,0.0,7.7
Kumuram Bheem,Tiryani,03-Nov-22,0,15.2,30.4,56.2,99.1,0.0,0.4
Kumuram Bheem,Tiryani,22-Nov-22,0,16.3,30.4,41.6,89.8,0.0,4.8
Kumuram Bheem,Tiryani,26-Nov-22,0,10.9,30.0,39.9,97.9,0.0,0.9
Kumuram Bheem,Tiryani,29-Nov-22,0,9.3,29.6,32.3,97.1,0.0,2.8
Kumuram Bheem,Wankdi,20-Nov-22,0,9.8,27.5,45.8,98.7,0.0,7.4
Mahabubabad,Bayyaram,10-Nov-22,0,18.6,32.4,49.5,90.0,0.0,4.5
Mahabubabad,Bayyaram,27-Nov-22,0,14.5,32.0,36.0,91.3,0.0,7.5
Mahabubabad,Chinnagudur,22-Nov-22,0,19.8,26.5,9.0,86.4,0.0,0.5
Mahabubabad,Chinnagudur,29-Nov-22,0,13.2,31.1,26.6,75.0,0.0,0.1
Mahabubabad,Danthalapalle,10-Nov-22,0,18.4,32.0,47.4,94.8,0.0,0.3
Mahabubabad,Danthalapalle,27-Nov-22,0,14.3,32.2,26.6,100.0,0.0,0.8
Mahabubabad,Dornakal,03-Nov-22,0,22.3,32.2,56.6,100.0,0.0,10.5
Mahabubabad,Dornakal,04-Nov-22,0,22.3,32.6,50.2,100.0,0.0,5.9
Mahabubabad,Dornakal,22-Nov-22,0,19.5,26.7,53.8,100.0,0.0,9.9
Mahabubabad,Ganagavaram,01-Nov-22,0,19.7,32.8,54.8,98.2,0.0,6.9
Mahabubabad,Ganagavaram,08-Nov-22,0,17.9,33.8,46.8,93.3,0.0,7.6
Mahabubabad,Ganagavaram,11-Nov-22,0,18.3,32.0,50.6,97.3,0.0,8.7
Mahabubabad,Ganagavaram,13-Nov-22,0,17.6,32.1,55.0,98.9,0.0,7.1
Mahabubabad,Ganagavaram,17-Nov-22,0,15.0,32.9,39.1,97.4,0.0,7.1
Mahabubabad,Garla,08-Nov-22,0,18.9,33.5,50.5,100.0,0.0,0.0
Mahabubabad,Garla,18-Nov-22,0,15.4,30.8,46.8,100.0,0.0,0.0
Mahabubabad,Garla,19-Nov-22,0,16.4,30.7,46.2,98.8,0.0,0.0
Mahabubabad,Garla,27-Nov-22,0,13.7,30.6,45.6,97.8,0.0,0.0
Mahabubabad,Gudur,12-Nov-22,0,18.8,31.2,48.1,94.9,0.0,6.9
Mahabubabad,Gudur,15-Nov-22,0,15.8,30.8,53.9,98.2,0.0,5.6
Mahabubabad,Kesamudram,23-Nov-22,0,21.7,32.6,43.9,100.0,0.0,9.1
Mahabubabad,Kesamudram,25-Nov-22,0,20.0,32.4,54.3,100.0,0.0,7.0
Mahabubabad,Kothaguda,05-Nov-22,0,19.8,31.5,65.0,99.9,0.0,5.7
Mahabubabad,Kothaguda,21-Nov-22,0,18.3,28.6,39.9,76.7,0.0,5.7
Mahabubabad,Kuravi,02-Nov-22,0,21.1,28.7,62.6,99.9,0.0,8.7
Mahabubabad,Kuravi,06-Nov-22,0,19.4,32.7,47.1,99.9,0.0,6.6
Mahabubabad,Mahabubabad,09-Nov-22,0,19.1,33.1,35.0,100.0,0.0,5.0
Mahabubabad,Mahabubabad,14-Nov-22,0,18.7,33.0,36.1,100.0,0.0,4.3
Mahabubabad,Mahabubabad,24-Nov-22,0,22.6,33.8,43.8,100.0,0.0,4.8
Mahabubabad,Maripeda,01-Nov-22,0,20.8,30.7,53.4,95.5,0.0,5.8
Mahabubabad,Maripeda,07-Nov-22,0,20.3,32.6,55.9,99.2,0.0,1.9
Mahabubabad,Maripeda,17-Nov-22,0,16.5,31.2,40.4,89.6,0.0,4.9
Mahabubabad,Narsimhulapet,05-Nov-22,0,20.9,34.5,51.7,95.9,0.0,6.7
Mahabubabad,Narsimhulapet,23-Nov-22,0,22.3,34.9,42.6,95.0,0.0,4.8
Mahabubabad,Peddavangara,07-Nov-22,0,19.0,33.4,38.3,100.0,0.0,9.0
Mahabubabad,Peddavangara,08-Nov-22,0,17.5,32.9,34.9,100.0,0.0,7.4
Mahabubabad,Peddavangara,13-Nov-22,0,17.9,32.6,41.7,94.5,0.0,10.3
Mahabubabad,Thorrur,16-Nov-22,0,14.5,31.9,25.3,95.0,0.0,2.8
Mahabubnagar,Addakal,07-Nov-22,0,17.8,31.9,39.6,88.2,0.0,6.0
Mahabubnagar,Balanagar,12-Nov-22,0,16.0,30.8,33.0,100.0,0.0,5.8
Mahabubnagar,Balanagar,15-Nov-22,0,16.0,32.0,38.9,100.0,0.0,2.1
Mahabubnagar,Bhoothpur,21-Nov-22,0,17.0,29.7,38.4,77.0,0.0,8.2
Mahabubnagar,Chinna_Chintha_Kunta,09-Nov-22,0,15.8,32.7,33.5,100.0,0.0,7.0
Mahabubnagar,Chinna_Chintha_Kunta,14-Nov-22,0,18.5,33.0,44.7,100.0,0.0,12.4
Mahabubnagar,Devarkadara,02-Nov-22,0,20.5,27.9,59.7,91.4,0.0,0.0
Mahabubnagar,Devarkadara,06-Nov-22,0,18.8,31.2,56.0,92.6,0.0,0.0
Mahabubnagar,Gandeed,01-Nov-22,0,16.7,30.6,36.3,99.7,0.0,6.3
Mahabubnagar,Gandeed,08-Nov-22,0,13.9,32.8,33.6,99.9,0.0,6.9
Mahabubnagar,Gandeed,11-Nov-22,0,14.6,31.3,40.8,99.3,0.0,4.9
Mahabubnagar,Gandeed,13-Nov-22,0,16.4,32.6,40.0,93.4,0.0,1.0
Mahabubnagar,Gandeed,17-Nov-22,0,10.4,32.6,18.0,99.0,0.0,7.8
Mahabubnagar,Hanwada,02-Nov-22,0,19.5,27.1,66.0,100.0,0.0,6.1
Mahabubnagar,Hanwada,06-Nov-22,0,18.1,31.0,60.2,100.0,0.0,2.4
Mahabubnagar,Hanwada,20-Nov-22,0,13.1,28.2,41.9,89.5,0.0,8.3
Mahabubnagar,Jadcherla,28-Nov-22,0,16.4,35.7,53.5,96.0,0.0,3.4
Mahabubnagar,Koilkonda,22-Nov-22,0,19.6,29.2,41.4,91.2,0.0,2.5
Mahabubnagar,Koilkonda,26-Nov-22,0,17.6,34.6,44.0,99.9,0.0,4.7
Mahabubnagar,Koilkonda,29-Nov-22,0,15.5,32.4,23.8,84.5,0.0,2.5
Mahabubnagar,Koilkonda,30-Nov-22,0,13.1,32.4,30.0,99.9,0.0,4.2
Mahabubnagar,Mahabubnagar_Rural,10-Nov-22,0,17.4,32.6,32.9,85.7,0.0,0.0
Mahabubnagar,Mahabubnagar_Rural,19-Nov-22,0,15.1,30.9,35.4,80.9,0.0,1.1
Mahabubnagar,Mahabubnagar_Rural,27-Nov-22,0,17.0,33.2,37.1,75.5,0.0,0.2
Mahabubnagar,Mahabubnagar_Urban,02-Nov-22,0,20.1,26.9,59.7,93.8,0.0,4.7
Mahabubnagar,Mahabubnagar_Urban,06-Nov-22,0,19.3,31.1,53.4,97.2,0.0,9.9
Mahabubnagar,Mahabubnagar_Urban,20-Nov-22,0,15.2,29.8,35.3,78.3,0.0,8.3
Mahabubnagar,Midjil,20-Nov-22,0,12.0,29.7,33.1,97.3,0.0,11.8
Mahabubnagar,Mohammamdabad,03-Nov-22,0,18.3,29.2,67.2,100.0,0.0,2.0
Mahabubnagar,Mohammamdabad,04-Nov-22,0,20.6,31.7,48.0,100.0,0.0,3.5
Mahabubnagar,Mohammamdabad,22-Nov-22,0,19.8,27.8,44.1,95.1,0.0,1.5
Mahabubnagar,Musapet,01-Nov-22,0,19.7,32.7,39.1,89.5,0.0,5.5
Mahabubnagar,Musapet,08-Nov-22,0,16.3,32.9,46.8,99.9,0.0,7.4
Mahabubnagar,Musapet,11-Nov-22,0,18.7,32.3,49.5,89.5,0.0,7.4
Mahabubnagar,Musapet,13-Nov-22,0,20.6,31.2,55.0,96.5,0.0,9.6
Mahabubnagar,Musapet,17-Nov-22,0,13.8,32.8,22.9,88.1,0.0,7.6
Mahabubnagar,Nawabpet,05-Nov-22,0,19.6,30.5,64.8,100.0,0.0,5.9
Mahabubnagar,Nawabpet,23-Nov-22,0,20.9,31.0,48.3,94.5,0.0,7.6
Mahabubnagar,Nawabpet,25-Nov-22,0,18.9,30.2,61.3,100.0,0.0,10.2
Mahabubnagar,Rajapur,09-Nov-22,0,14.5,31.0,34.4,100.0,0.0,5.0
Mahabubnagar,Rajapur,14-Nov-22,0,17.7,29.5,56.3,100.0,0.0,3.2
Mancherial,Bellampalle,12-Nov-22,0,18.4,32.1,40.7,80.2,0.0,7.1
Mancherial,Bellampalle,15-Nov-22,0,14.4,32.3,37.9,90.4,0.0,3.6
Mancherial,Bheemini,22-Nov-22,0,17.9,31.0,48.0,80.9,2.5,6.8
Mancherial,Bheemini,26-Nov-22,0,12.9,30.2,40.3,94.6,0.0,7.5
Mancherial,Bheemini,29-Nov-22,0,12.9,31.0,38.4,96.3,0.0,7.0
Mancherial,Bhimaram,20-Nov-22,0,13.1,28.6,48.4,98.8,0.0,2.3
Mancherial,Chennur,10-Nov-22,0,16.3,32.8,40.9,96.1,0.0,3.9
Mancherial,Chennur,18-Nov-22,0,14.8,32.9,35.7,93.7,0.0,5.2
Mancherial,Dandepalle,02-Nov-22,0,20.9,29.9,67.9,100.0,0.0,3.4
Mancherial,Dandepalle,06-Nov-22,0,15.5,34.5,44.6,100.0,0.0,4.7
Mancherial,Hajipur,16-Nov-22,0,10.8,32.6,34.8,100.0,0.0,4.4
Mancherial,Jaipur,19-Nov-22,0,14.6,30.8,38.8,97.5,0.0,4.6
Mancherial,Jaipur,27-Nov-22,0,12.1,31.0,32.7,100.0,0.0,6.0
Mancherial,Jannaram,12-Nov-22,0,13.7,32.6,37.4,95.6,0.0,6.0
Mancherial,Jannaram,15-Nov-22,0,10.9,32.9,35.7,95.4,0.0,15.9
Mancherial,Kannepalli,05-Nov-22,0,15.5,32.5,43.8,97.3,0.0,6.9
Mancherial,Kannepalli,23-Nov-22,0,19.0,31.0,53.3,87.1,0.0,10.0
Mancherial,Kasipet,24-Nov-22,0,18.5,32.9,40.8,82.8,0.0,4.9
Mancherial,Kotapalle,16-Nov-22,0,13.1,31.9,34.5,100.0,0.0,5.7
Mancherial,Luxettipet,28-Nov-22,0,11.9,32.9,24.0,100.0,0.0,2.9
Mancherial,Mancherial,20-Nov-22,0,14.3,28.8,37.9,92.2,0.0,9.3
Mancherial,Mandamarri,09-Nov-22,0,16.4,32.5,39.2,99.9,0.0,5.0
Mancherial,Mandamarri,14-Nov-22,0,16.3,31.4,41.5,87.3,0.0,5.9
Mancherial,Mandamarri,24-Nov-22,0,19.5,32.9,41.1,69.4,0.0,7.7
Mancherial,Naspur,28-Nov-22,0,13.0,32.1,34.9,100.0,0.0,5.3
Mancherial,Nennal,21-Nov-22,0,16.5,28.5,40.4,84.3,0.0,9.6
Mancherial,Tandur,08-Nov-22,0,17.9,33.0,45.4,87.8,0.0,3.1
Mancherial,Tandur,11-Nov-22,0,18.5,30.2,48.7,82.1,0.0,4.7
Mancherial,Tandur,13-Nov-22,0,17.2,30.0,50.3,84.5,0.0,5.6
Mancherial,Tandur,17-Nov-22,0,15.5,30.3,37.1,80.6,0.0,4.6
Mancherial,Vemanpalle,12-Nov-22,0,16.3,30.4,40.6,100.0,0.0,1.8
Mancherial,Vemanpalle,15-Nov-22,0,13.9,29.3,38.4,100.0,0.0,7.5
Medak,Alladurg,11-Nov-22,0,15.1,30.2,33.9,100.0,0.7,6.3
Medak,Chegunta,03-Nov-22,0,15.7,30.6,62.4,95.9,0.0,7.2
Medak,Chegunta,04-Nov-22,0,18.3,30.7,46.6,93.2,0.0,11.5
Medak,Chegunta,30-Nov-22,0,11.6,30.4,29.4,92.5,0.0,8.2
Medak,Chilipched,11-Nov-22,0,14.0,29.5,42.0,100.0,0.0,10.0
Medak,Havelighanpur,16-Nov-22,0,10.9,30.4,37.0,100.0,0.0,9.4
Medak,Kowdipalle,02-Nov-22,0,17.1,28.3,52.8,100.0,0.0,9.1
Medak,Kowdipalle,06-Nov-22,0,12.9,31.7,35.1,100.0,0.0,11.3
Medak,Kulcharam,10-Nov-22,0,14.1,32.5,25.3,100.0,0.0,7.6
Medak,Kulcharam,18-Nov-22,0,12.8,32.5,23.4,98.8,0.0,11.0
Medak,Kulcharam,19-Nov-22,0,12.3,32.0,25.9,99.7,0.0,5.4
Medak,Manoharabad,05-Nov-22,0,18.0,30.2,58.1,100.0,0.0,6.8
Medak,Manoharabad,23-Nov-22,0,19.3,29.9,52.1,98.7,0.0,8.2
Medak,Manoharabad,25-Nov-22,0,18.4,29.1,58.7,100.0,0.0,5.3
Medak,Masaipet,02-Nov-22,0,19.8,27.7,58.8,91.7,0.0,9.9
Medak,Masaipet,06-Nov-22,0,14.6,32.6,38.6,92.3,0.0,9.4
Medak,Medak,21-Nov-22,0,14.0,29.7,33.4,99.9,0.0,12.2
Medak,Medak,25-Nov-22,0,18.0,32.6,46.1,99.9,0.0,10.6
Medak,Narsapur,10-Nov-22,0,14.4,30.0,36.9,99.6,0.0,9.2
Medak,Narsapur,18-Nov-22,0,12.5,30.7,32.9,98.1,0.0,13.7
Medak,Narsapur,27-Nov-22,0,13.8,32.7,39.0,91.4,0.0,7.1
Medak,Narsingi,09-Nov-22,0,12.4,31.5,33.2,100.0,0.0,7.1
Medak,Narsingi,14-Nov-22,0,16.1,30.0,46.5,96.3,0.0,11.4
Medak,Narsingi,24-Nov-22,0,19.1,30.6,48.2,97.1,0.0,6.1
Medak,Papannapet,05-Nov-22,0,15.6,34.6,30.7,100.0,0.0,6.0
Medak,Papannapet,21-Nov-22,0,13.5,31.5,24.4,83.3,0.0,6.5
Medak,Papannapet,23-Nov-22,0,17.8,33.9,31.8,83.7,0.0,6.1
Medak,Papannapet,25-Nov-22,0,17.3,32.8,38.7,96.3,0.0,11.7
Medak,Regode,19-Nov-22,0,14.9,28.7,34.9,86.6,0.0,10.5
Medak,Regode,27-Nov-22,0,16.3,30.1,35.8,80.3,0.0,7.8
Medak,Shankarampet_A,03-Nov-22,0,16.9,30.1,71.3,100.0,0.0,0.8
Medak,Shankarampet_A,22-Nov-22,0,18.7,32.3,46.5,85.3,0.0,3.8
Medak,Shankarampet_A,26-Nov-22,0,15.7,33.0,35.9,99.9,0.0,4.6
Medak,Shankarampet_A,29-Nov-22,0,14.1,32.9,29.1,90.7,0.0,5.1
Medak,Shankarampet_R,03-Nov-22,0,17.0,30.0,58.9,94.4,0.0,2.8
Medak,Shankarampet_R,04-Nov-22,0,18.7,31.6,45.0,87.2,0.0,6.1
Medak,Shankarampet_R,26-Nov-22,0,16.7,32.1,37.6,76.8,0.0,9.5
Medak,Shankarampet_R,30-Nov-22,0,13.3,31.3,26.6,86.3,0.0,5.7
Medak,Shivampet,02-Nov-22,0,18.2,27.0,69.3,100.0,0.0,0.1
Medak,Shivampet,06-Nov-22,0,13.4,30.5,46.2,100.0,0.0,0.3
Medak,Shivampet,20-Nov-22,0,9.9,27.3,39.6,100.0,0.0,5.2
Medak,Tekmal,01-Nov-22,0,15.5,29.6,28.5,100.0,0.0,0.9
Medak,Tekmal,07-Nov-22,0,14.4,31.8,28.1,100.0,0.0,1.5
Medak,Tekmal,08-Nov-22,0,15.3,32.5,26.8,100.0,0.0,1.9
Medak,Tekmal,11-Nov-22,0,13.3,30.8,31.1,100.0,0.0,2.4
Medak,Tekmal,13-Nov-22,0,13.3,31.3,24.5,100.0,0.0,4.0
Medak,Tekmal,17-Nov-22,0,10.9,31.6,20.1,100.0,0.0,1.6
Medak,Tupran,07-Nov-22,0,15.5,31.0,37.0,100.0,0.0,7.8
Medak,Tupran,17-Nov-22,0,12.3,31.9,29.7,93.9,0.0,5.2
Medak,Yeldurthy,01-Nov-22,0,15.9,29.3,48.0,100.0,0.0,1.5
Medak,Yeldurthy,08-Nov-22,0,14.3,31.6,37.3,100.0,0.0,11.1
Medak,Yeldurthy,11-Nov-22,0,13.9,30.2,48.5,100.0,0.0,9.0
Medak,Yeldurthy,13-Nov-22,0,14.4,29.3,47.8,100.0,0.0,12.7
Medak,Yeldurthy,17-Nov-22,0,11.0,30.5,26.2,100.0,0.0,3.1
Medchal-Malkajgiri,Alwal,12-Nov-22,0,18.3,30.5,34.9,72.4,0.0,4.2
Medchal-Malkajgiri,Bachpalle,01-Nov-22,0,20.9,29.9,35.6,72.8,0.0,15.2
Medchal-Malkajgiri,Bachpalle,07-Nov-22,0,19.5,30.9,41.6,82.7,0.0,10.6
Medchal-Malkajgiri,Bachpalle,17-Nov-22,0,16.7,31.6,25.0,70.2,0.0,1.4
Medchal-Malkajgiri,Balanagar,16-Nov-22,0,13.7,30.8,36.3,81.4,0.0,5.7
Medchal-Malkajgiri,Dundigal_Gandimaisamma,19-Nov-22,0,14.6,29.2,30.9,83.3,0.0,7.3
Medchal-Malkajgiri,Dundigal_Gandimaisamma,27-Nov-22,0,14.6,31.5,26.7,79.6,0.0,5.4
Medchal-Malkajgiri,Ghatkesar,01-Nov-22,0,15.5,32.6,34.9,88.3,0.0,4.0
Medchal-Malkajgiri,Ghatkesar,07-Nov-22,0,14.2,33.3,34.7,100.0,0.0,3.2
Medchal-Malkajgiri,Kapra,04-Nov-22,0,20.0,31.7,40.5,91.2,0.0,5.3
Medchal-Malkajgiri,Kapra,30-Nov-22,0,13.8,31.1,15.9,81.9,0.0,4.4
Medchal-Malkajgiri,Keesara,10-Nov-22,0,18.3,32.1,41.3,80.9,0.0,5.4
Medchal-Malkajgiri,Keesara,18-Nov-22,0,16.2,31.8,22.5,85.9,0.0,5.4
Medchal-Malkajgiri,Kukatpally,05-Nov-22,0,20.2,30.8,51.4,100.0,0.0,14.3
Medchal-Malkajgiri,Kukatpally,23-Nov-22,0,21.5,32.1,45.4,77.1,0.0,65.1
Medchal-Malkajgiri,Kukatpally,25-Nov-22,0,21.1,30.7,51.7,78.6,0.0,42.2
Medchal-Malkajgiri,Malkajgiri,09-Nov-22,0,16.4,32.0,24.5,78.7,0.0,12.7
Medchal-Malkajgiri,Malkajgiri,14-Nov-22,0,18.5,32.6,38.5,74.8,0.0,7.3
Medchal-Malkajgiri,Medchel,22-Nov-22,0,19.1,31.4,38.0,84.5,0.0,10.2
Medchal-Malkajgiri,Medchel,26-Nov-22,0,16.4,32.4,42.7,79.9,0.0,5.9
Medchal-Malkajgiri,Medchel,29-Nov-22,0,13.4,31.2,33.9,81.6,0.0,7.7
Medchal-Malkajgiri,Medipally,09-Nov-22,0,14.4,31.9,36.1,93.4,0.0,4.5
Medchal-Malkajgiri,Medipally,14-Nov-22,0,15.0,30.7,52.5,95.8,0.0,5.3
Medchal-Malkajgiri,Medipally,24-Nov-22,0,19.1,29.9,59.3,99.0,0.0,2.9
Medchal-Malkajgiri,Muduchinthalapally,02-Nov-22,0,19.0,26.2,59.4,100.0,0.0,2.0
Medchal-Malkajgiri,Muduchinthalapally,06-Nov-22,0,14.3,31.2,40.7,100.0,0.0,2.0
Medchal-Malkajgiri,Quthbullapur,08-Nov-22,0,16.0,31.8,24.5,100.0,0.0,8.7
Medchal-Malkajgiri,Quthbullapur,11-Nov-22,0,17.8,30.0,31.9,78.7,0.0,7.8
Medchal-Malkajgiri,Quthbullapur,13-Nov-22,0,17.4,30.6,30.7,70.8,0.0,7.1
Medchal-Malkajgiri,Quthbullapur,17-Nov-22,0,13.3,31.2,14.0,81.5,0.0,7.0
Medchal-Malkajgiri,Shamirpet,05-Nov-22,0,17.7,31.9,51.4,95.7,0.0,7.3
Medchal-Malkajgiri,Shamirpet,21-Nov-22,0,16.9,29.7,37.2,74.4,0.0,11.3
Medchal-Malkajgiri,Shamirpet,23-Nov-22,0,20.3,32.2,47.3,83.4,0.0,11.8
Medchal-Malkajgiri,Uppal,03-Nov-22,0,18.6,29.6,55.3,100.0,0.0,5.3
Medchal-Malkajgiri,Uppal,04-Nov-22,0,19.2,32.9,43.5,100.0,0.0,64.3
Medchal-Malkajgiri,Uppal,26-Nov-22,0,16.7,32.8,43.8,87.7,0.0,5.8
Medchal-Malkajgiri,Uppal,30-Nov-22,0,12.0,31.3,14.3,87.7,0.0,5.5
Mulugu,Eturunagaram,01-Nov-22,0,20.5,32.1,42.7,90.3,0.0,1.5
Mulugu,Eturunagaram,08-Nov-22,0,19.6,32.9,42.1,98.3,0.0,5.2
Mulugu,Eturunagaram,11-Nov-22,0,18.8,32.7,36.9,93.3,0.0,3.4
Mulugu,Eturunagaram,13-Nov-22,0,18.7,32.2,39.2,92.8,0.0,7.9
Mulugu,Eturunagaram,17-Nov-22,0,15.2,31.3,34.0,95.3,0.0,2.9
Mulugu,Govindaraopet,19-Nov-22,0,14.0,30.3,43.8,99.1,0.0,8.4
Mulugu,Govindaraopet,27-Nov-22,0,11.8,30.7,36.7,99.1,0.0,9.2
Mulugu,Kannaigudem,16-Nov-22,0,13.5,31.7,46.8,100.0,0.0,0.2
Mulugu,Mangapet,22-Nov-22,0,19.6,30.0,50.1,100.0,0.0,7.2
Mulugu,Mangapet,26-Nov-22,0,14.8,32.8,41.3,100.0,0.0,6.4
Mulugu,Mulug,01-Nov-22,0,18.0,30.8,52.4,98.8,0.0,7.7
Mulugu,Mulug,08-Nov-22,0,17.7,32.9,49.7,100.0,0.0,2.8
Mulugu,Mulug,11-Nov-22,0,16.7,32.2,47.4,100.0,0.0,4.2
Mulugu,Mulug,17-Nov-22,0,13.8,31.3,38.8,99.4,0.0,5.0
Mulugu,Tadvai,16-Nov-22,0,13.4,33.0,30.7,100.0,0.0,5.2
Mulugu,Tadvai,28-Nov-22,0,10.7,32.8,22.8,100.0,0.0,5.0
Mulugu,Venkatapur,03-Nov-22,0,19.8,31.2,54.1,100.0,0.0,7.1
Mulugu,Venkatapur,04-Nov-22,0,19.2,33.4,52.3,100.0,0.0,6.3
Mulugu,Venkatapur,29-Nov-22,0,11.6,31.3,28.2,100.0,0.0,4.8
Mulugu,Venkatapur,30-Nov-22,0,12.4,31.4,31.0,100.0,0.0,6.6
Mulugu,Venkatapuram,19-Nov-22,0,16.0,32.7,35.6,98.4,0.0,9.7
Mulugu,Venkatapuram,27-Nov-22,0,13.1,31.8,31.3,98.4,0.0,8.1
Mulugu,Wazeed,10-Nov-22,0,17.6,32.7,34.1,100.0,0.0,0.9
Mulugu,Wazeed,18-Nov-22,0,14.9,31.4,36.6,100.0,0.0,5.0
Nagarkurnool,Achampet,16-Nov-22,0,15.8,32.1,48.8,98.4,0.0,8.5
Nagarkurnool,Amrabad,12-Nov-22,0,18.1,29.3,51.4,92.4,1.7,34.2
Nagarkurnool,Amrabad,15-Nov-22,0,16.9,30.0,57.7,99.9,0.0,25.1
Nagarkurnool,Balmoor,22-Nov-22,0,16.9,23.7,56.2,96.7,0.0,10.5
Nagarkurnool,Balmoor,29-Nov-22,0,14.6,30.3,44.8,99.4,0.0,8.8
Nagarkurnool,Charakonda,10-Nov-22,0,16.7,29.7,41.8,92.4,0.0,3.0
Nagarkurnool,Charakonda,19-Nov-22,0,14.8,29.0,35.8,81.2,0.0,6.5
Nagarkurnool,Charakonda,27-Nov-22,0,14.6,30.3,33.8,81.7,0.0,4.6
Nagarkurnool,Kalwakurthy,20-Nov-22,0,11.9,31.8,31.2,100.0,0.0,13.3
Nagarkurnool,Kodair,09-Nov-22,0,17.1,32.7,29.5,100.0,0.0,7.7
Nagarkurnool,Kodair,14-Nov-22,0,19.8,31.6,51.8,100.0,0.0,7.4
Nagarkurnool,Kodair,24-Nov-22,0,20.8,30.7,67.2,100.0,0.0,14.9
Nagarkurnool,Lingal,12-Nov-22,0,19.5,28.8,55.7,88.6,0.0,20.4
Nagarkurnool,Lingal,15-Nov-22,0,20.1,28.9,63.5,99.3,0.0,13.3
Nagarkurnool,Peddakothapalle,03-Nov-22,0,20.3,30.9,56.0,99.0,0.0,10.3
Nagarkurnool,Peddakothapalle,04-Nov-22,0,20.5,32.9,49.4,100.0,0.0,11.8
Nagarkurnool,Peddakothapalle,22-Nov-22,0,19.4,25.7,53.7,96.1,0.0,5.2
Nagarkurnool,Pentlavelli,28-Nov-22,0,18.4,32.9,30.2,86.5,0.0,7.4
Nagarkurnool,Tadoor,09-Nov-22,0,16.8,30.6,38.0,81.1,0.0,0.9
Nagarkurnool,Tadoor,14-Nov-22,0,18.7,29.9,54.4,80.8,0.0,14.5
Nagarkurnool,Tadoor,24-Nov-22,0,19.9,28.1,63.6,80.7,0.0,13.4
Nagarkurnool,Telkapalle,01-Nov-22,0,18.3,31.3,37.5,97.7,0.0,14.6
Nagarkurnool,Telkapalle,08-Nov-22,0,17.2,31.4,42.5,96.0,0.0,15.5
Nagarkurnool,Telkapalle,11-Nov-22,0,16.6,30.3,51.0,97.3,0.0,14.9
Nagarkurnool,Telkapalle,13-Nov-22,0,18.5,30.8,52.1,92.4,0.0,17.0
Nagarkurnool,Telkapalle,17-Nov-22,0,11.8,32.5,26.3,99.3,0.0,11.8
Nagarkurnool,Thimmajipeta,02-Nov-22,0,20.1,27.4,67.0,99.9,0.0,7.3
Nagarkurnool,Thimmajipeta,06-Nov-22,0,19.7,31.3,65.3,99.9,0.0,9.1
Nagarkurnool,Uppunuthala,20-Nov-22,0,14.9,30.8,45.3,100.0,0.0,12.3
Nagarkurnool,Urkonda,28-Nov-22,0,18.9,31.9,49.8,86.0,0.0,8.0
Nagarkurnool,Vangoor,07-Nov-22,0,18.1,31.1,53.5,96.1,0.0,11.2
Nagarkurnool,Vangoor,11-Nov-22,0,17.6,30.3,55.5,89.9,0.0,4.5
Nagarkurnool,Vangoor,13-Nov-22,0,20.1,29.7,54.1,85.8,0.0,9.3
Nagarkurnool,Veldanda,05-Nov-22,0,20.6,30.3,64.6,100.0,0.0,13.6
Nagarkurnool,Veldanda,21-Nov-22,0,18.2,29.2,32.7,70.7,0.0,6.9
Nagarkurnool,Veldanda,23-Nov-22,0,21.7,30.5,49.0,98.7,0.0,6.5
Nalgonda,Adavi Devula Palli,10-Nov-22,0,20.2,31.7,52.3,93.9,0.0,5.9
Nalgonda,Adavi Devula Palli,18-Nov-22,0,16.7,32.2,37.2,86.4,0.0,5.2
Nalgonda,Chandampet,28-Nov-22,0,15.7,33.0,35.8,95.9,0.0,8.7
Nalgonda,Chityala,20-Nov-22,0,18.3,29.8,39.5,78.9,3.6,11.9
Nalgonda,Damaracherla,16-Nov-22,0,16.8,33.3,41.3,88.1,0.0,6.3
Nalgonda,Damaracherla,28-Nov-22,0,16.5,32.8,34.7,89.8,0.0,6.4
Nalgonda,Devarakonda,01-Nov-22,0,19.8,32.0,32.1,84.8,0.0,7.6
Nalgonda,Devarakonda,08-Nov-22,0,16.6,32.4,35.1,100.0,0.0,5.3
Nalgonda,Devarakonda,11-Nov-22,0,17.4,31.7,41.4,85.9,0.0,6.3
Nalgonda,Devarakonda,13-Nov-22,0,20.3,32.2,42.5,79.3,0.0,10.3
Nalgonda,Devarakonda,17-Nov-22,0,12.8,32.7,18.1,95.7,0.0,7.8
Nalgonda,Gundlapalle,07-Nov-22,0,17.6,31.6,52.5,100.0,0.0,11.2
Nalgonda,Gundlapalle,08-Nov-22,0,16.3,31.3,45.2,100.0,0.0,9.5
Nalgonda,Gundlapalle,13-Nov-22,0,19.9,30.7,54.3,100.0,0.0,10.7
Nalgonda,Gurrampode,03-Nov-22,0,21.1,31.5,63.4,100.0,0.0,6.2
Nalgonda,Gurrampode,04-Nov-22,0,22.3,32.0,57.7,91.0,0.0,4.8
Nalgonda,Gurrampode,22-Nov-22,0,19.5,27.2,51.9,100.0,0.0,6.3
Nalgonda,Kangal,02-Nov-22,0,21.5,27.4,69.7,91.3,0.0,0.0
Nalgonda,Kangal,06-Nov-22,0,19.3,32.4,56.9,91.8,0.0,0.0
Nalgonda,Kattangoor,09-Nov-22,0,18.1,35.4,33.9,93.3,0.0,3.8
Nalgonda,Kattangoor,14-Nov-22,0,19.7,34.1,41.1,92.4,0.0,8.4
Nalgonda,Kattangoor,24-Nov-22,0,22.9,32.4,53.0,99.2,0.0,5.3
Nalgonda,Kethepalle,05-Nov-22,0,22.4,32.8,54.8,88.2,0.0,8.5
Nalgonda,Kethepalle,23-Nov-22,0,22.9,33.0,52.1,87.8,0.0,11.5
Nalgonda,Kethepalle,25-Nov-22,0,22.0,32.6,58.5,86.1,0.0,4.2
Nalgonda,Kondamallapally,18-Nov-22,0,14.9,30.9,29.0,84.6,0.0,10.3
Nalgonda,Madugulapally,24-Nov-22,0,22.6,31.4,69.8,93.3,0.0,7.5
Nalgonda,Marriguda,28-Nov-22,0,15.3,32.6,33.9,92.0,0.0,6.3
Nalgonda,Miryalaguda,03-Nov-22,0,22.2,31.2,63.9,84.3,0.0,6.8
Nalgonda,Miryalaguda,04-Nov-22,0,22.3,32.5,62.4,97.7,0.0,5.3
Nalgonda,Miryalaguda,22-Nov-22,0,20.1,26.4,54.2,98.5,0.0,7.5
Nalgonda,Miryalaguda,30-Nov-22,0,15.9,32.1,36.6,89.8,0.0,5.2
Nalgonda,Munugode,01-Nov-22,0,19.2,32.5,45.3,100.0,0.0,10.7
Nalgonda,Munugode,07-Nov-22,0,17.8,32.6,43.2,100.0,0.0,5.2
Nalgonda,Nakrekal,16-Nov-22,0,14.0,32.3,41.6,89.3,0.0,4.6
Nalgonda,Nalgonda,01-Nov-22,0,18.8,33.6,37.0,99.8,0.0,5.4
Nalgonda,Nalgonda,07-Nov-22,0,17.5,34.5,35.2,100.0,0.0,2.8
Nalgonda,Nalgonda,08-Nov-22,0,15.9,34.0,36.4,100.0,0.0,4.1
Nalgonda,Nalgonda,11-Nov-22,0,18.2,33.6,39.8,93.7,0.0,5.4
Nalgonda,Nalgonda,13-Nov-22,0,18.5,33.7,41.5,93.8,0.0,5.2
Nalgonda,Nalgonda,17-Nov-22,0,12.7,33.6,29.3,99.0,0.0,5.0
Nalgonda,Nampalle,09-Nov-22,0,17.5,33.1,27.8,100.0,0.0,0.9
Nalgonda,Nampalle,14-Nov-22,0,18.7,33.0,41.2,100.0,0.0,7.6
Nalgonda,Nampalle,24-Nov-22,0,21.7,31.0,57.3,100.0,0.0,2.0
Nalgonda,Narketpalle,12-Nov-22,0,19.8,32.8,31.8,88.5,0.0,8.7
Nalgonda,Narketpalle,15-Nov-22,0,18.6,32.1,42.4,93.0,0.0,4.3
Nalgonda,Neredugommu,02-Nov-22,0,21.4,26.4,72.7,97.5,0.0,4.0
Nalgonda,Neredugommu,06-Nov-22,0,20.8,31.3,57.4,99.1,0.0,6.8
Nalgonda,Neredugommu,20-Nov-22,0,16.0,31.1,40.1,85.8,0.0,9.6
Nalgonda,Nidamanur,22-Nov-22,0,20.3,27.1,53.6,100.0,0.0,7.5
Nalgonda,Nidamanur,29-Nov-22,0,15.0,33.0,28.2,100.0,0.0,7.3
Nalgonda,Pedda_Adiserlapalle,03-Nov-22,0,21.8,31.4,60.5,92.6,0.0,8.6
Nalgonda,Pedda_Adiserlapalle,04-Nov-22,0,22.2,31.4,58.8,100.0,0.0,5.9
Nalgonda,Pedda_Adiserlapalle,26-Nov-22,0,17.4,31.4,65.0,98.6,0.0,7.0
Nalgonda,Pedda_Adiserlapalle,30-Nov-22,0,14.5,30.3,27.0,94.3,0.0,3.4
Nalgonda,Peddavura,05-Nov-22,0,22.6,32.2,62.4,99.1,0.0,15.0
Nalgonda,Peddavura,23-Nov-22,0,22.2,30.1,55.8,100.0,0.0,9.8
Nalgonda,Peddavura,25-Nov-22,0,22.1,32.1,60.5,100.0,0.0,12.4
Nalgonda,Saligouraram,24-Nov-22,0,20.9,30.1,58.0,89.5,0.0,3.1
Nalgonda,Thipparthi,10-Nov-22,0,18.5,32.9,48.7,100.0,0.0,5.6
Nalgonda,Thipparthi,27-Nov-22,0,15.4,33.5,36.0,100.0,0.0,7.8
Nalgonda,Tirumalagiri_Sagar,07-Nov-22,0,21.1,31.4,42.5,94.3,0.0,15.2
Nalgonda,Vemulapalle,16-Nov-22,0,17.0,31.6,49.3,93.8,0.0,1.7
Narayanpet,Damaragidda,05-Nov-22,0,20.3,30.5,59.9,100.0,0.0,3.8
Narayanpet,Damaragidda,21-Nov-22,0,15.3,28.9,36.5,80.1,0.0,4.7
Narayanpet,Damaragidda,23-Nov-22,0,21.6,31.5,44.5,91.3,0.0,13.4
Narayanpet,Dhanwada,12-Nov-22,0,17.6,30.9,38.5,79.6,0.0,9.6
Narayanpet,Dhanwada,15-Nov-22,0,18.7,31.4,51.3,93.0,0.0,11.3
Narayanpet,Kosgi,07-Nov-22,0,14.9,31.7,29.4,100.0,0.0,6.8
Narayanpet,Kosgi,17-Nov-22,0,11.3,30.7,11.1,94.7,0.0,10.1
Narayanpet,Krishna,03-Nov-22,0,21.2,31.4,57.2,100.0,0.0,12.7
Narayanpet,Krishna,04-Nov-22,0,22.2,32.3,47.1,100.0,0.0,9.8
Narayanpet,Krishna,22-Nov-22,0,20.8,27.4,46.2,91.7,0.0,7.7
Narayanpet,Krishna,30-Nov-22,0,18.0,31.7,32.1,75.5,0.0,5.4
Narayanpet,Maddur,22-Nov-22,0,19.4,28.9,47.6,96.2,0.0,2.8
Narayanpet,Maddur,26-Nov-22,0,18.5,31.8,48.4,95.8,0.0,8.7
Narayanpet,Maddur,29-Nov-22,0,15.4,32.6,38.4,94.9,0.0,5.3
Narayanpet,Maganoor,18-Nov-22,0,14.0,32.6,28.2,99.0,0.0,9.0
Narayanpet,Maganoor,19-Nov-22,0,14.0,32.6,32.0,95.7,0.0,7.3
Narayanpet,Maganoor,27-Nov-22,0,17.0,33.3,39.6,95.7,0.0,5.8
Narayanpet,Makthal,02-Nov-22,0,21.3,28.3,55.9,100.0,0.0,8.4
Narayanpet,Makthal,06-Nov-22,0,21.2,31.5,53.8,100.0,0.0,9.6
Narayanpet,Marikal,05-Nov-22,0,21.6,31.3,57.5,87.7,0.0,7.8
Narayanpet,Marikal,25-Nov-22,0,21.3,30.1,64.3,87.7,0.0,8.4
Narayanpet,Narayanpet,01-Nov-22,0,17.6,30.7,30.9,84.9,0.0,5.3
Narayanpet,Narayanpet,08-Nov-22,0,16.5,32.3,30.5,100.0,0.0,9.1
Narayanpet,Narayanpet,11-Nov-22,0,15.9,30.7,39.1,91.0,0.0,8.0
Narayanpet,Narayanpet,13-Nov-22,0,18.3,32.5,41.7,78.1,0.0,11.4
Narayanpet,Narayanpet,17-Nov-22,0,12.9,32.9,17.3,76.5,0.0,3.2
Narayanpet,Narva,09-Nov-22,0,16.9,31.9,31.8,90.5,0.0,3.6
Narayanpet,Narva,14-Nov-22,0,18.5,32.9,51.8,89.7,0.0,7.9
Narayanpet,Utkoor,10-Nov-22,0,18.9,32.9,36.1,90.5,0.0,6.3
Narayanpet,Utkoor,18-Nov-22,0,17.8,32.6,29.2,81.9,0.0,7.1
Nirmal,Basar,28-Nov-22,0,18.1,34.5,40.9,91.9,0.0,1.2
Nirmal,Dastuarabad,28-Nov-22,0,12.7,31.4,34.2,94.8,0.0,2.8
Nirmal,Dilawarpur,12-Nov-22,0,18.9,32.6,46.8,88.6,0.0,12.1
Nirmal,Dilawarpur,15-Nov-22,0,15.4,33.8,46.8,94.3,0.0,7.1
Nirmal,Kaddampeddur,16-Nov-22,0,14.6,33.0,40.0,94.1,0.0,6.1
Nirmal,Kaddampeddur,28-Nov-22,0,12.5,32.8,26.7,92.2,0.0,4.0
Nirmal,Khanpur,10-Nov-22,0,16.0,32.7,40.6,98.8,0.0,0.1
Nirmal,Khanpur,18-Nov-22,0,14.9,34.1,36.7,95.5,0.0,0.1
Nirmal,Kubeer,12-Nov-22,0,19.3,32.5,47.6,91.0,0.0,8.0
Nirmal,Kuntala,01-Nov-22,0,16.4,29.9,44.3,92.0,0.0,8.5
Nirmal,Kuntala,08-Nov-22,0,14.8,32.9,38.1,90.6,0.0,1.7
Nirmal,Kuntala,11-Nov-22,0,14.8,31.0,38.8,89.0,0.0,9.8
Nirmal,Kuntala,13-Nov-22,0,15.5,30.9,37.7,87.3,0.0,10.3
Nirmal,Kuntala,17-Nov-22,0,12.4,31.4,33.8,87.4,0.0,5.4
Nirmal,Laxmanchanda,28-Nov-22,0,12.1,32.9,28.0,96.8,0.0,3.3
Nirmal,Lokeswaram,05-Nov-22,0,16.2,32.7,41.4,94.8,0.0,0.0
Nirmal,Lokeswaram,21-Nov-22,0,13.4,28.4,32.8,86.1,0.0,2.0
Nirmal,Lokeswaram,23-Nov-22,0,18.1,31.0,32.5,74.4,0.0,0.9
Nirmal,Lokeswaram,25-Nov-22,0,17.0,31.1,36.3,82.9,0.0,0.0
Nirmal,Mamda,10-Nov-22,0,17.1,32.6,37.5,99.9,0.0,7.7
Nirmal,Mamda,19-Nov-22,0,11.1,32.4,36.4,89.2,0.0,7.8
Nirmal,Mamda,27-Nov-22,0,14.8,32.9,26.9,92.3,0.0,7.0
Nirmal,Mudhole,16-Nov-22,0,13.6,31.6,24.8,95.9,0.0,5.0
Nirmal,Narsapur_G,22-Nov-22,0,15.9,30.5,33.9,75.7,0.0,7.0
Nirmal,Narsapur_G,26-Nov-22,0,15.8,32.3,33.6,80.6,0.0,5.4
Nirmal,Narsapur_G,29-Nov-22,0,16.8,32.5,36.4,91.4,0.0,5.4
Nirmal,Nirmal,12-Nov-22,0,19.0,33.4,46.8,99.9,0.0,23.3
Nirmal,Nirmal,15-Nov-22,0,16.5,32.2,48.1,97.1,0.0,15.2
Nirmal,Nirmal_Rural,09-Nov-22,0,17.6,33.7,35.0,97.5,0.0,12.8
Nirmal,Nirmal_Rural,14-Nov-22,0,15.7,33.0,34.6,92.9,0.0,11.7
Nirmal,Sarangapur,05-Nov-22,0,16.7,32.7,31.1,99.9,0.0,12.6
Nirmal,Sarangapur,21-Nov-22,0,14.6,30.3,37.9,99.9,0.0,8.7
Nirmal,Sarangapur,23-Nov-22,0,18.3,32.2,39.4,88.9,0.0,14.7
Nirmal,Soan,20-Nov-22,0,14.2,30.7,39.1,95.4,0.0,5.6
Nirmal,Tanur,02-Nov-22,0,20.7,31.0,46.8,99.9,0.0,11.0
Nirmal,Tanur,06-Nov-22,0,19.2,34.7,31.1,95.6,0.0,9.5
Nizamabad,Armur,05-Nov-22,0,17.2,33.8,25.8,99.9,0.0,6.5
Nizamabad,Armur,23-Nov-22,0,20.5,34.0,30.7,99.9,0.0,0.5
Nizamabad,Armur,25-Nov-22,0,19.4,33.9,33.1,99.9,0.0,2.8
Nizamabad,Balkonda,21-Nov-22,0,13.2,27.3,38.1,83.2,0.0,6.5
Nizamabad,Balkonda,25-Nov-22,0,19.0,30.4,41.6,74.5,0.0,7.1
Nizamabad,Bodhan,03-Nov-22,0,16.3,32.3,50.5,99.9,0.0,10.3
Nizamabad,Bodhan,04-Nov-22,0,14.6,32.5,38.0,99.9,0.0,8.4
Nizamabad,Bodhan,26-Nov-22,0,14.1,32.9,33.5,96.1,0.0,8.0
Nizamabad,Bodhan,30-Nov-22,0,10.4,33.0,30.5,95.5,0.0,10.1
Nizamabad,Chandur,28-Nov-22,0,14.9,32.2,43.6,95.7,0.0,3.8
Nizamabad,Dharpalle,09-Nov-22,0,16.4,32.4,37.5,98.2,0.0,15.2
Nizamabad,Dharpalle,14-Nov-22,0,17.0,32.2,49.2,94.8,0.0,12.7
Nizamabad,Dichpalle,02-Nov-22,0,18.6,32.2,43.9,99.9,0.0,5.7
Nizamabad,Dichpalle,06-Nov-22,0,14.0,32.3,26.7,94.8,0.0,8.5
Nizamabad,Dichpalle,20-Nov-22,0,10.6,30.1,31.5,94.1,0.0,3.1
Nizamabad,Indalwai,16-Nov-22,0,15.8,31.7,42.2,99.9,0.0,3.6
Nizamabad,Jakranpalle,10-Nov-22,0,17.0,34.6,38.6,94.8,0.0,4.1
Nizamabad,Jakranpalle,18-Nov-22,0,16.9,33.7,27.6,90.6,0.0,4.0
Nizamabad,Jakranpalle,27-Nov-22,0,14.5,34.0,35.0,88.1,0.0,3.9
Nizamabad,Kammarpalle,28-Nov-22,0,13.4,32.8,32.8,88.3,0.0,4.9
Nizamabad,Kotgiri,12-Nov-22,0,13.5,30.5,31.6,99.9,0.0,9.6
Nizamabad,Kotgiri,15-Nov-22,0,12.4,30.6,45.2,99.9,0.0,1.1
Nizamabad,Makloor,01-Nov-22,0,19.3,32.5,39.7,99.9,0.0,12.5
Nizamabad,Makloor,07-Nov-22,0,19.0,34.6,37.8,99.9,0.0,4.5
Nizamabad,Makloor,08-Nov-22,0,19.0,34.0,38.8,99.9,0.0,4.6
Nizamabad,Makloor,11-Nov-22,0,19.0,33.5,39.8,99.9,0.0,6.8
Nizamabad,Makloor,13-Nov-22,0,18.1,32.2,39.0,98.8,0.0,7.4
Nizamabad,Makloor,17-Nov-22,0,16.7,34.0,39.1,96.7,0.0,0.2
Nizamabad,Mendora,14-Nov-22,0,15.3,31.1,38.2,100.0,0.0,5.1
Nizamabad,Mendora,24-Nov-22,0,17.2,32.1,39.9,100.0,0.0,4.5
Nizamabad,Mortad,10-Nov-22,0,19.2,32.8,42.8,99.9,0.0,9.1
Nizamabad,Mortad,18-Nov-22,0,17.9,32.4,33.5,94.8,0.0,7.9
Nizamabad,Mosra,02-Nov-22,0,18.5,32.1,37.4,96.5,0.0,7.2
Nizamabad,Mosra,06-Nov-22,0,14.8,34.0,26.8,91.1,0.0,3.9
Nizamabad,Mugpal,01-Nov-22,0,14.9,29.5,41.3,100.0,0.0,3.9
Nizamabad,Mugpal,08-Nov-22,0,15.0,32.4,35.8,100.0,0.0,2.1
Nizamabad,Mugpal,11-Nov-22,0,14.2,30.6,35.3,100.0,0.0,8.4
Nizamabad,Mugpal,13-Nov-22,0,14.8,30.3,35.8,100.0,0.0,9.0
Nizamabad,Mugpal,17-Nov-22,0,12.4,30.7,28.8,100.0,0.0,5.8
Nizamabad,Mupkal,07-Nov-22,0,17.3,34.4,34.8,96.4,0.0,3.8
Nizamabad,Mupkal,11-Nov-22,0,16.5,32.2,36.8,96.0,0.0,8.8
Nizamabad,Nandipet,03-Nov-22,0,19.3,32.8,50.2,99.9,0.0,5.9
Nizamabad,Nandipet,22-Nov-22,0,20.3,32.3,40.9,95.5,0.0,6.4
Nizamabad,Nandipet,26-Nov-22,0,17.7,32.4,38.1,99.9,0.0,7.1
Nizamabad,Nandipet,29-Nov-22,0,15.8,32.3,42.8,99.9,0.0,5.9
Nizamabad,Navipet,19-Nov-22,0,15.5,33.8,39.8,97.4,0.0,15.0
Nizamabad,Navipet,27-Nov-22,0,16.6,33.8,40.2,94.3,0.0,4.8
Nizamabad,Nizamabad_North,03-Nov-22,0,19.3,32.7,54.7,99.9,0.0,14.8
Nizamabad,Nizamabad_North,29-Nov-22,0,16.4,33.7,35.6,96.7,0.0,14.7
Nizamabad,Nizamabad_North,30-Nov-22,0,14.2,34.3,24.3,99.9,0.0,11.6
Nizamabad,Nizamabad_Rural,11-Nov-22,0,17.7,33.9,39.3,99.9,0.0,1.2
Nizamabad,Rudrur,05-Nov-22,0,14.8,31.6,35.8,97.0,0.0,8.5
Nizamabad,Rudrur,21-Nov-22,0,13.9,28.0,32.0,92.6,0.0,11.3
Nizamabad,Rudrur,23-Nov-22,0,18.3,31.4,41.2,94.9,0.0,9.7
Nizamabad,Sirkonda,18-Nov-22,0,14.2,32.9,40.2,94.1,0.0,14.5
Nizamabad,Sirkonda,19-Nov-22,0,16.4,32.2,46.5,94.3,0.0,15.5
Nizamabad,Sirkonda,27-Nov-22,0,16.7,32.4,46.5,94.1,0.0,9.9
Nizamabad,Vailpur,28-Nov-22,0,13.7,31.8,33.3,91.5,0.0,0.3
Nizamabad,Varni,05-Nov-22,0,16.7,34.6,39.5,96.8,0.0,7.7
Nizamabad,Varni,23-Nov-22,0,19.8,29.8,46.8,95.0,0.0,5.1
Nizamabad,Varni,25-Nov-22,0,18.9,34.1,50.4,95.1,0.0,6.5
Nizamabad,Yeda_Palle,05-Nov-22,0,13.3,33.3,29.0,99.9,0.0,9.2
Nizamabad,Yeda_Palle,23-Nov-22,0,17.6,32.6,32.1,99.9,0.0,7.9
Nizamabad,Yeda_Palle,25-Nov-22,0,17.4,33.0,37.1,99.9,0.0,8.9
Nizamabad,Yergatla,02-Nov-22,0,19.8,30.4,42.6,100.0,0.0,9.2
Nizamabad,Yergatla,06-Nov-22,0,17.2,34.2,26.7,94.4,0.0,8.5
Peddapalli,Dharmaram,02-Nov-22,0,21.1,30.0,60.3,100.0,0.0,3.6
Peddapalli,Dharmaram,06-Nov-22,0,16.2,35.1,33.9,100.0,0.0,7.3
Peddapalli,Elgaid,20-Nov-22,0,14.6,27.1,50.2,85.2,0.0,11.4
Peddapalli,Julapalle,07-Nov-22,0,17.7,33.2,46.8,99.9,0.0,6.6
Peddapalli,Kamanpur,21-Nov-22,0,19.3,30.3,42.2,95.2,0.0,7.5
Peddapalli,Mutharam_Manthani,12-Nov-22,0,19.2,36.1,50.4,100.0,0.0,10.4
Peddapalli,Mutharam_Manthani,15-Nov-22,0,17.3,34.8,51.1,99.9,0.0,3.7
Peddapalli,Odela,20-Nov-22,0,16.7,30.4,46.5,94.1,0.0,1.5
Peddapalli,Peddapalle,19-Nov-22,0,17.2,31.3,35.6,99.9,0.0,13.6
Peddapalli,Peddapalle,27-Nov-22,0,16.3,32.5,31.4,99.9,0.0,10.5
Peddapalli,Ramagiri,16-Nov-22,0,16.4,33.4,46.1,99.9,0.0,4.1
Peddapalli,Ramagiri,28-Nov-22,0,15.0,31.9,54.6,99.9,0.0,3.9
Peddapalli,Ramagundam,09-Nov-22,0,19.3,34.5,41.9,100.0,0.0,4.7
Peddapalli,Ramagundam,14-Nov-22,0,19.0,34.3,46.5,100.0,0.0,6.3
Peddapalli,Ramagundam,24-Nov-22,0,17.6,34.1,47.2,96.2,0.0,7.7
Peddapalli,Srirampur,16-Nov-22,0,15.0,33.6,41.5,99.9,0.0,12.0
Peddapalli,Sultanabad,01-Nov-22,0,19.6,31.9,48.8,95.8,0.0,8.6
Peddapalli,Sultanabad,08-Nov-22,0,19.0,34.3,39.5,95.8,0.0,4.4
Peddapalli,Sultanabad,11-Nov-22,0,19.0,32.9,43.0,95.5,0.0,6.6
Peddapalli,Sultanabad,13-Nov-22,0,19.0,32.1,40.9,95.5,0.0,9.1
Peddapalli,Sultanabad,17-Nov-22,0,15.6,32.2,32.0,94.2,0.0,7.0
Rajanna Sircilla,Boinpalle,16-Nov-22,0,12.4,31.3,31.6,97.3,0.0,17.8
Rajanna Sircilla,Chandurthi,02-Nov-22,0,21.1,30.7,64.4,99.9,0.0,5.1
Rajanna Sircilla,Chandurthi,06-Nov-22,0,18.1,33.4,31.4,99.9,0.0,4.2
Rajanna Sircilla,Ellanthakunta,20-Nov-22,0,15.3,30.2,38.0,94.4,0.0,10.8
Rajanna Sircilla,Gambhiraopeta,21-Nov-22,0,12.7,29.6,30.3,89.2,0.0,9.1
Rajanna Sircilla,Konaraopeta,22-Nov-22,0,20.9,34.0,34.9,84.4,0.0,0.1
Rajanna Sircilla,Konaraopeta,26-Nov-22,0,19.0,32.5,34.9,95.0,0.0,8.4
Rajanna Sircilla,Konaraopeta,29-Nov-22,0,16.7,32.4,30.7,99.9,0.0,9.6
Rajanna Sircilla,Konaraopeta,30-Nov-22,0,16.7,32.5,31.9,96.1,0.0,10.0
Rajanna Sircilla,Mustabad,12-Nov-22,0,15.6,34.9,34.3,99.9,0.0,15.1
Rajanna Sircilla,Mustabad,15-Nov-22,0,15.5,34.2,41.2,99.9,0.0,9.2
Rajanna Sircilla,Rudrangi,15-Nov-22,0,16.7,34.2,41.1,96.0,0.0,5.7
Rajanna Sircilla,Sirsilla,01-Nov-22,0,19.3,32.6,41.4,99.9,0.0,7.8
Rajanna Sircilla,Sirsilla,08-Nov-22,0,16.8,34.3,34.5,99.9,0.0,8.8
Rajanna Sircilla,Sirsilla,11-Nov-22,0,16.2,33.0,38.0,100.0,0.0,10.4
Rajanna Sircilla,Sirsilla,13-Nov-22,0,14.8,32.7,42.3,100.0,0.0,11.4
Rajanna Sircilla,Sirsilla,17-Nov-22,0,16.4,33.8,34.5,99.9,0.0,12.4
Rajanna Sircilla,Thangallapalle,09-Nov-22,0,16.7,34.4,39.4,95.2,0.0,9.8
Rajanna Sircilla,Thangallapalle,14-Nov-22,0,17.4,32.1,49.3,99.9,0.0,10.4
Rajanna Sircilla,Thangallapalle,24-Nov-22,0,20.8,32.9,52.4,95.6,0.0,10.8
Rajanna Sircilla,Veernapalle,05-Nov-22,0,12.9,34.7,27.2,81.0,0.0,6.2
Rajanna Sircilla,Veernapalle,23-Nov-22,0,16.6,33.8,49.6,81.6,0.0,7.8
Rajanna Sircilla,Veernapalle,25-Nov-22,0,15.8,33.1,49.1,80.2,0.0,6.4
Rajanna Sircilla,Vemulawada,24-Nov-22,0,18.2,32.7,39.4,100.0,0.0,13.0
Rajanna Sircilla,Vemulawada_Rural,28-Nov-22,0,14.8,34.5,39.1,94.1,0.0,2.4
Rajanna Sircilla,Yellareddypeta,12-Nov-22,0,16.2,33.0,34.8,99.9,0.0,11.7
Rangareddy,Abdullapurmet,07-Nov-22,0,14.3,32.7,35.8,100.0,0.0,8.2
Rangareddy,Amangal,12-Nov-22,0,21.5,29.5,48.0,75.1,0.0,13.2
Rangareddy,Amangal,15-Nov-22,0,19.3,29.9,61.1,93.5,0.0,9.7
Rangareddy,Balapur,28-Nov-22,0,14.6,32.1,38.7,75.9,0.0,5.8
Rangareddy,Chevella,04-Nov-22,0,18.2,30.6,45.7,100.0,0.0,12.4
Rangareddy,Chevella,22-Nov-22,0,19.2,30.1,42.4,80.7,0.0,11.4
Rangareddy,Chevella,26-Nov-22,0,16.0,32.2,48.6,85.7,0.0,9.0
Rangareddy,Chevella,29-Nov-22,0,11.5,30.3,32.2,98.0,0.0,11.4
Rangareddy,Chowdergudem,02-Nov-22,0,18.0,25.2,68.4,100.0,0.0,10.1
Rangareddy,Chowdergudem,06-Nov-22,0,14.4,29.4,60.6,100.0,0.0,7.7
Rangareddy,Farooqnagar,05-Nov-22,0,20.3,31.6,69.3,100.0,0.0,11.2
Rangareddy,Farooqnagar,21-Nov-22,0,16.5,27.4,38.4,83.2,0.0,14.3
Rangareddy,Farooqnagar,23-Nov-22,0,20.8,31.8,53.7,100.0,0.0,14.2
Rangareddy,Hayathnagar,19-Nov-22,0,15.6,29.7,31.7,82.2,0.0,15.0
Rangareddy,Hayathnagar,27-Nov-22,0,16.1,30.9,31.9,83.9,0.0,34.4
Rangareddy,Ibrahimpatnam,02-Nov-22,0,18.0,26.3,61.7,100.0,0.0,3.9
Rangareddy,Ibrahimpatnam,06-Nov-22,0,14.5,32.1,48.5,100.0,0.0,2.7
Rangareddy,Ibrahimpatnam,20-Nov-22,0,10.3,30.2,32.6,100.0,0.0,2.5
Rangareddy,Kadthal,15-Nov-22,0,16.2,30.7,54.1,88.6,0.0,9.7
Rangareddy,Kandukur,03-Nov-22,0,17.0,28.1,59.0,100.0,0.0,5.9
Rangareddy,Kandukur,04-Nov-22,0,20.2,30.5,48.1,100.0,0.0,7.6
Rangareddy,Kandukur,30-Nov-22,0,10.0,29.7,25.0,100.0,0.0,8.8
Rangareddy,Keshampeta,04-Nov-22,0,20.2,32.8,48.6,100.0,0.0,11.7
Rangareddy,Keshampeta,22-Nov-22,0,19.2,29.4,37.3,88.1,0.0,7.3
Rangareddy,Keshampeta,26-Nov-22,0,15.9,32.8,51.4,92.5,0.0,15.9
Rangareddy,Keshampeta,29-Nov-22,0,11.7,31.8,31.7,91.5,0.0,9.0
Rangareddy,Kondurg,22-Nov-22,0,19.9,28.6,53.0,83.8,0.0,7.6
Rangareddy,Kondurg,26-Nov-22,0,19.1,28.3,60.5,85.3,0.2,9.1
Rangareddy,Kondurg,29-Nov-22,0,16.2,29.8,43.2,70.4,0.0,6.2
Rangareddy,Kothur,19-Nov-22,0,13.3,28.0,40.0,100.0,0.0,12.7
Rangareddy,Kothur,27-Nov-22,0,14.3,31.8,41.3,88.7,0.0,8.5
Rangareddy,Madgul,16-Nov-22,0,14.0,32.4,38.6,89.0,0.0,9.3
Rangareddy,Madgul,28-Nov-22,0,15.2,31.5,35.4,81.2,0.0,6.1
Rangareddy,Maheshwaram,09-Nov-22,0,14.1,31.4,40.1,94.2,0.0,4.3
Rangareddy,Maheshwaram,14-Nov-22,0,16.9,31.8,40.0,97.2,0.0,7.6
Rangareddy,Manchal,01-Nov-22,0,18.1,31.3,39.2,98.5,0.0,9.0
Rangareddy,Manchal,07-Nov-22,0,16.2,31.7,38.1,100.0,0.0,8.7
Rangareddy,Manchal,08-Nov-22,0,14.8,32.2,39.2,100.0,0.0,12.1
Rangareddy,Manchal,13-Nov-22,0,18.0,31.3,48.5,85.0,0.0,10.2
Rangareddy,Manchal,17-Nov-22,0,12.0,30.7,24.1,95.2,0.0,7.4
Rangareddy,Moinabad,16-Nov-22,0,12.5,32.5,32.8,84.3,0.0,8.4
Rangareddy,Nandigam,01-Nov-22,0,17.9,29.4,32.5,90.3,0.0,10.5
Rangareddy,Nandigam,11-Nov-22,0,16.8,28.7,43.1,89.9,0.0,8.8
Rangareddy,Nandigam,13-Nov-22,0,17.0,29.4,46.3,87.4,0.0,10.7
Rangareddy,Nandigam,17-Nov-22,0,13.0,30.3,20.2,93.2,0.0,8.1
Rangareddy,Rajendranagar,09-Nov-22,0,13.7,31.8,23.4,100.0,0.0,6.3
Rangareddy,Rajendranagar,14-Nov-22,0,15.4,33.1,40.0,100.0,0.0,9.0
Rangareddy,Rajendranagar,24-Nov-22,0,18.7,30.5,43.7,100.0,0.0,9.7
Rangareddy,Saroornagar,21-Nov-22,0,19.0,30.1,30.6,58.8,0.0,5.2
Rangareddy,Shabad,16-Nov-22,0,10.8,30.8,30.6,100.0,0.0,5.6
Rangareddy,Shankarpalle,02-Nov-22,0,18.9,26.3,65.5,100.0,0.0,1.5
Rangareddy,Shankarpalle,06-Nov-22,0,15.3,31.5,49.4,100.0,0.0,1.8
Rangareddy,Shankarpalle,20-Nov-22,0,11.2,28.7,36.3,91.3,0.0,8.0
Rangareddy,Yacharam,20-Nov-22,0,10.9,27.7,42.2,98.2,0.0,14.5
Sangareddy,Ameenapur,07-Nov-22,0,16.5,32.8,34.4,100.0,0.0,3.7
Sangareddy,Ameenapur,11-Nov-22,0,16.4,31.1,36.9,93.3,0.0,3.5
Sangareddy,Ameenapur,13-Nov-22,0,17.6,32.7,31.6,84.9,0.0,3.9
Sangareddy,Andhole,10-Nov-22,0,13.0,30.5,36.3,100.0,0.0,7.2
Sangareddy,Andhole,18-Nov-22,0,11.6,30.4,34.7,100.0,0.0,8.3
Sangareddy,Chowtakur,12-Nov-22,0,15.4,29.8,34.4,86.3,0.1,6.1
Sangareddy,Chowtakur,15-Nov-22,0,16.1,30.1,41.3,89.3,0.0,3.1
Sangareddy,Gummadidala,10-Nov-22,0,12.7,29.3,35.5,100.0,0.8,10.2
Sangareddy,Gummadidala,18-Nov-22,0,10.8,29.0,28.4,100.0,0.5,14.5
Sangareddy,Hathanoora,09-Nov-22,0,13.4,32.8,19.2,100.0,0.0,11.5
Sangareddy,Hathanoora,14-Nov-22,0,15.3,32.0,36.5,100.0,0.0,8.8
Sangareddy,Hathanoora,24-Nov-22,0,18.2,31.6,43.0,100.0,0.0,5.8
Sangareddy,Jharasangam,24-Nov-22,0,18.2,29.6,55.6,87.8,0.0,8.3
Sangareddy,Jinnaram,09-Nov-22,0,13.2,31.5,24.0,91.3,0.0,3.9
Sangareddy,Jinnaram,14-Nov-22,0,17.7,31.7,36.9,78.1,0.0,4.6
Sangareddy,Kalher,16-Nov-22,0,13.1,31.8,33.7,85.9,0.0,5.0
Sangareddy,Kandi,03-Nov-22,0,17.6,27.6,65.6,97.1,0.0,0.2
Sangareddy,Kandi,04-Nov-22,0,18.7,30.3,47.9,94.8,0.0,0.2
Sangareddy,Kandi,26-Nov-22,0,15.2,33.2,49.1,97.5,0.0,1.3
Sangareddy,Kandi,30-Nov-22,0,12.9,29.7,28.8,89.9,0.0,2.2
Sangareddy,Kangti,15-Nov-22,0,14.9,31.1,46.2,97.3,0.0,4.4
Sangareddy,Kondapur,16-Nov-22,0,13.4,31.1,43.6,95.3,0.0,4.0
Sangareddy,Kondapur,28-Nov-22,0,15.7,31.1,44.3,86.7,0.0,2.8
Sangareddy,Manoor,07-Nov-22,0,14.4,31.7,39.1,92.2,0.0,0.1
Sangareddy,Manoor,17-Nov-22,0,12.2,30.3,31.6,83.7,0.0,1.9
Sangareddy,Mogdampalle,05-Nov-22,0,16.4,30.3,46.4,98.9,0.0,9.3
Sangareddy,Mogdampalle,25-Nov-22,0,17.1,29.9,51.1,97.4,0.0,9.8
Sangareddy,Munipalli,02-Nov-22,0,17.7,27.0,64.9,100.0,0.0,5.7
Sangareddy,Munipalli,06-Nov-22,0,14.3,31.4,53.0,100.0,0.0,9.2
Sangareddy,Nagalgidda,09-Nov-22,0,13.1,31.3,30.5,87.8,0.0,6.7
Sangareddy,Nagalgidda,14-Nov-22,0,14.7,31.8,43.6,92.6,0.0,7.2
Sangareddy,Nagalgidda,24-Nov-22,0,18.4,31.3,47.2,83.3,0.0,5.0
Sangareddy,Narayankhed,28-Nov-22,0,15.5,30.2,39.5,79.3,0.0,5.3
Sangareddy,Naykal,21-Nov-22,0,10.7,26.2,31.4,79.6,0.0,10.4
Sangareddy,Naykal,25-Nov-22,0,15.8,30.5,59.1,100.0,0.0,9.6
Sangareddy,Patancheruvu,05-Nov-22,0,17.7,30.3,54.7,100.0,0.0,4.0
Sangareddy,Patancheruvu,23-Nov-22,0,19.7,30.0,48.5,93.8,0.0,5.8
Sangareddy,Patancheruvu,25-Nov-22,0,18.6,29.4,53.7,98.6,0.0,4.6
Sangareddy,Pulkal,02-Nov-22,0,17.6,29.1,51.2,100.0,0.0,2.2
Sangareddy,Pulkal,06-Nov-22,0,13.1,32.4,37.6,100.0,0.0,4.4
Sangareddy,Pulkal,20-Nov-22,0,9.1,28.6,33.8,99.6,0.0,4.6
Sangareddy,Raikode,03-Nov-22,0,16.4,27.8,58.7,99.4,0.0,10.7
Sangareddy,Raikode,04-Nov-22,0,18.0,30.0,45.1,95.8,0.0,13.3
Sangareddy,Raikode,26-Nov-22,0,16.8,30.5,47.2,81.3,0.0,8.7
Sangareddy,Raikode,30-Nov-22,0,13.3,29.4,33.5,83.1,0.0,11.3
Sangareddy,Ramachandrapuram,10-Nov-22,0,17.7,30.2,37.7,82.1,0.0,50.4
Sangareddy,Ramachandrapuram,18-Nov-22,0,14.4,30.2,31.5,100.0,0.0,3.2
Sangareddy,Ramachandrapuram,27-Nov-22,0,16.0,30.4,33.7,78.0,0.0,5.3
Sangareddy,Sadasivpet,18-Nov-22,0,13.4,30.7,37.7,89.1,0.0,6.3
Sangareddy,Sadasivpet,19-Nov-22,0,13.1,28.5,43.1,90.9,0.0,6.6
Sangareddy,Sangareddy,16-Nov-22,0,16.0,31.0,42.3,90.8,0.0,2.2
Sangareddy,Sirgapoor,20-Nov-22,0,9.6,28.4,33.0,100.0,0.0,8.1
Sangareddy,Watpalle,16-Nov-22,0,14.2,30.3,34.0,75.8,0.0,10.4
Sangareddy,Zahirabad,12-Nov-22,0,13.0,31.0,26.5,100.0,0.0,13.6
Siddipet,Bejjanki,03-Nov-22,0,18.6,28.9,63.6,99.8,0.0,0.1
Siddipet,Bejjanki,04-Nov-22,0,19.6,32.6,50.9,94.8,0.0,6.4
Siddipet,Bejjanki,30-Nov-22,0,13.1,31.1,34.1,94.8,0.0,9.0
Siddipet,Cheriyal,09-Nov-22,0,13.9,33.0,16.7,98.8,0.0,6.0
Siddipet,Cheriyal,14-Nov-22,0,14.8,32.5,31.6,100.0,0.0,7.7
Siddipet,Chinnakodur,03-Nov-22,0,17.4,28.4,63.2,87.5,0.0,2.8
Siddipet,Chinnakodur,22-Nov-22,0,19.5,31.4,42.5,68.6,0.0,3.2
Siddipet,Chinnakodur,26-Nov-22,0,16.5,31.9,40.6,73.3,0.0,1.1
Siddipet,Chinnakodur,29-Nov-22,0,13.3,31.5,36.3,79.2,0.0,2.8
Siddipet,Dhoolmitta,06-Nov-22,0,13.9,33.6,32.5,94.9,0.0,4.9
Siddipet,Dhoolmitta,20-Nov-22,0,11.0,29.4,37.6,93.0,0.0,8.0
Siddipet,Doultabad,10-Nov-22,0,15.1,29.7,36.5,75.4,0.0,6.9
Siddipet,Doultabad,18-Nov-22,0,13.5,29.4,29.8,75.6,0.0,10.2
Siddipet,Doultabad,19-Nov-22,0,14.2,28.5,33.1,75.3,0.0,7.5
Siddipet,Dubbak,11-Nov-22,0,13.3,32.3,41.9,99.9,0.0,9.6
Siddipet,Gajwel,03-Nov-22,0,16.6,29.1,65.5,100.0,0.0,10.3
Siddipet,Gajwel,04-Nov-22,0,18.4,31.2,52.0,100.0,0.0,10.0
Siddipet,Gajwel,22-Nov-22,0,18.8,30.7,34.6,95.9,0.0,10.8
Siddipet,Gajwel,30-Nov-22,0,11.1,30.7,23.4,97.1,0.0,7.9
Siddipet,Husnabad,12-Nov-22,0,16.9,32.6,41.4,99.9,0.0,0.3
Siddipet,Husnabad,15-Nov-22,0,16.4,32.7,39.8,99.9,0.0,6.6
Siddipet,Jagadevpur,09-Nov-22,0,13.3,30.2,27.0,100.0,0.0,4.5
Siddipet,Jagadevpur,14-Nov-22,0,15.4,30.5,40.1,93.2,0.0,7.7
Siddipet,Jagadevpur,24-Nov-22,0,19.1,29.3,46.6,100.0,0.0,5.1
Siddipet,Koheda,19-Nov-22,0,13.4,30.8,39.7,99.9,0.0,7.9
Siddipet,Koheda,27-Nov-22,0,13.7,31.9,35.7,99.9,0.0,8.4
Siddipet,Komaravelly,19-Nov-22,0,14.5,28.6,38.4,86.2,0.0,13.1
Siddipet,Komaravelly,27-Nov-22,0,13.5,29.4,35.7,87.0,0.0,7.6
Siddipet,Kondapak,22-Nov-22,0,18.8,29.8,36.2,94.5,0.0,8.3
Siddipet,Kondapak,26-Nov-22,0,14.3,31.6,36.0,95.1,0.0,6.4
Siddipet,Kondapak,29-Nov-22,0,11.0,31.8,28.1,100.0,0.0,6.5
Siddipet,Kondapak,30-Nov-22,0,10.4,30.4,26.6,100.0,0.0,5.9
Siddipet,Maddur,10-Nov-22,0,15.8,30.0,39.1,96.9,0.0,4.4
Siddipet,Maddur,18-Nov-22,0,14.3,29.8,30.1,83.7,0.0,7.1
Siddipet,Markook,05-Nov-22,0,15.7,31.1,48.6,86.1,0.0,8.4
Siddipet,Markook,21-Nov-22,0,13.7,27.7,35.8,78.4,0.0,11.2
Siddipet,Markook,23-Nov-22,0,17.8,30.1,43.9,85.3,0.0,0.1
Siddipet,Mirdoddi,01-Nov-22,0,15.8,27.6,51.6,100.0,0.0,6.3
Siddipet,Mirdoddi,08-Nov-22,0,15.1,31.1,35.5,100.0,0.0,5.7
Siddipet,Mirdoddi,11-Nov-22,0,14.2,29.8,45.5,100.0,0.0,7.3
Siddipet,Mirdoddi,13-Nov-22,0,14.4,29.4,38.5,100.0,0.0,7.7
Siddipet,Mirdoddi,17-Nov-22,0,11.3,29.1,29.2,100.0,0.0,4.9
Siddipet,Mulug,09-Nov-22,0,13.4,30.6,25.9,93.2,0.0,9.2
Siddipet,Mulug,14-Nov-22,0,17.0,29.4,41.9,84.4,0.0,5.3
Siddipet,Nanganur,02-Nov-22,0,18.4,29.8,61.6,91.0,0.0,4.4
Siddipet,Nanganur,06-Nov-22,0,13.7,32.5,36.1,94.7,0.0,5.7
Siddipet,Narayanraopet,16-Nov-22,0,13.6,31.5,29.7,96.3,0.0,8.9
Siddipet,Narayanraopet,28-Nov-22,0,13.1,31.2,32.2,92.6,0.0,3.0
Siddipet,Siddipet_Rural,05-Nov-22,0,17.7,31.9,41.8,99.2,0.0,3.2
Siddipet,Siddipet_Rural,23-Nov-22,0,18.7,29.9,49.4,99.8,0.0,2.7
Siddipet,Siddipet_Rural,25-Nov-22,0,18.0,30.1,52.1,90.5,0.0,2.1
Siddipet,Siddipet_Urban,01-Nov-22,0,16.7,31.6,36.2,90.7,0.0,3.0
Siddipet,Siddipet_Urban,07-Nov-22,0,17.5,34.1,24.7,93.8,0.0,3.5
Siddipet,Siddipet_Urban,08-Nov-22,0,17.1,33.4,25.9,88.3,0.0,4.4
Siddipet,Siddipet_Urban,11-Nov-22,0,15.8,32.2,33.4,89.7,0.0,3.3
Siddipet,Siddipet_Urban,13-Nov-22,0,16.2,32.8,29.9,84.9,0.0,3.9
Siddipet,Siddipet_Urban,17-Nov-22,0,13.2,32.2,22.3,90.0,0.0,4.4
Siddipet,Wargal,03-Nov-22,0,16.4,29.8,65.5,100.0,0.0,3.9
Siddipet,Wargal,22-Nov-22,0,19.1,30.7,24.2,61.6,0.0,3.1
Siddipet,Wargal,26-Nov-22,0,16.1,31.3,26.5,78.5,0.0,3.6
Siddipet,Wargal,29-Nov-22,0,13.0,33.0,17.9,72.4,0.0,5.2
Suryapet,Ananthagiri,09-Nov-22,0,21.4,32.6,49.7,99.3,0.0,3.7
Suryapet,Ananthagiri,14-Nov-22,0,21.2,32.0,65.4,98.5,0.0,5.3
Suryapet,Ananthagiri,24-Nov-22,0,22.2,32.5,71.3,100.0,0.0,5.8
Suryapet,Atmakur_S,01-Nov-22,0,20.0,32.1,41.3,92.3,0.0,5.9
Suryapet,Atmakur_S,07-Nov-22,0,19.8,32.7,41.9,100.0,0.0,6.5
Suryapet,Atmakur_S,08-Nov-22,0,18.9,32.8,43.5,100.0,0.0,0.0
Suryapet,Atmakur_S,11-Nov-22,0,18.8,31.6,45.7,90.9,0.0,0.1
Suryapet,Atmakur_S,13-Nov-22,0,18.9,32.2,45.2,93.5,0.0,0.0
Suryapet,Atmakur_S,17-Nov-22,0,14.7,32.1,31.3,84.1,0.0,1.0
Suryapet,Chinthala Palem,10-Nov-22,0,20.2,32.1,41.0,99.5,0.0,4.9
Suryapet,Chinthala Palem,18-Nov-22,0,15.9,31.8,37.8,99.7,0.0,10.5
Suryapet,Chivvemla,07-Nov-22,0,19.9,33.1,42.5,99.0,0.0,6.5
Suryapet,Chivvemla,17-Nov-22,0,15.3,33.4,31.3,84.7,0.0,6.8
Suryapet,Garidepalle,22-Nov-22,0,19.9,27.5,65.9,100.0,0.0,2.8
Suryapet,Garidepalle,26-Nov-22,0,19.6,33.2,48.7,96.2,0.0,3.5
Suryapet,Garidepalle,29-Nov-22,0,14.7,32.4,35.0,94.8,0.0,5.7
Suryapet,Huzur Nagar,03-Nov-22,0,22.5,30.7,77.5,97.1,0.0,0.0
Suryapet,Huzur Nagar,04-Nov-22,0,21.9,32.6,71.5,99.7,0.0,0.0
Suryapet,Huzur Nagar,26-Nov-22,0,21.2,32.5,50.6,98.1,0.0,0.0
Suryapet,Huzur Nagar,30-Nov-22,0,18.3,31.4,39.2,94.8,0.0,0.0
Suryapet,Jajireddigudem,05-Nov-22,0,22.2,31.1,65.4,100.0,0.0,0.0
Suryapet,Jajireddigudem,20-Nov-22,0,14.6,30.6,39.4,100.0,0.0,0.0
Suryapet,Jajireddigudem,23-Nov-22,0,23.3,31.9,57.8,100.0,0.0,0.2
Suryapet,Jajireddigudem,25-Nov-22,0,21.1,32.7,66.2,100.0,0.0,2.3
Suryapet,Kodad,03-Nov-22,0,23.3,30.3,75.5,96.4,0.0,5.8
Suryapet,Kodad,04-Nov-22,0,23.1,31.7,70.6,99.8,0.0,4.7
Suryapet,Kodad,30-Nov-22,0,17.4,30.2,51.6,97.3,0.0,6.0
Suryapet,Mattampalle,16-Nov-22,0,16.7,33.0,49.6,97.8,0.0,5.6
Suryapet,Mellachervu,16-Nov-22,0,17.3,31.0,38.0,93.8,0.0,2.8
Suryapet,Mellachervu,28-Nov-22,0,17.6,31.4,24.7,100.0,0.0,6.6
Suryapet,Mothey,02-Nov-22,0,22.7,30.2,64.6,95.0,0.0,6.0
Suryapet,Mothey,06-Nov-22,0,21.3,34.3,53.4,96.0,0.0,9.7
Suryapet,Munagala,28-Nov-22,0,16.2,33.8,28.4,78.6,0.0,3.6
Suryapet,Nadigudem,12-Nov-22,0,20.6,32.6,37.7,98.3,0.0,7.1
Suryapet,Nagaram,20-Nov-22,0,15.0,29.6,34.8,88.4,0.0,10.7
Suryapet,Neredcherla,09-Nov-22,0,20.6,35.5,34.8,92.7,0.0,0.0
Suryapet,Neredcherla,14-Nov-22,0,20.8,32.7,49.7,96.6,0.0,0.0
Suryapet,Noothankal,16-Nov-22,0,13.6,32.1,39.6,93.8,0.0,0.3
Suryapet,Palakeedu,09-Nov-22,0,20.7,33.6,43.4,93.4,0.0,4.6
Suryapet,Palakeedu,14-Nov-22,0,21.6,31.6,53.2,94.6,0.0,6.4
Suryapet,Palakeedu,24-Nov-22,0,22.7,31.8,59.7,97.0,0.0,8.3
Suryapet,Penpahad,02-Nov-22,0,21.6,28.7,66.8,97.5,0.0,5.5
Suryapet,Penpahad,06-Nov-22,0,20.9,34.0,51.8,100.0,0.0,7.7
Suryapet,Suryapet,10-Nov-22,0,19.1,32.2,44.3,100.0,0.0,4.6
Suryapet,Suryapet,18-Nov-22,0,15.8,32.8,30.8,100.0,0.0,7.7
Suryapet,Thirumalagiri,12-Nov-22,0,18.3,31.0,44.1,85.9,3.6,7.1
Suryapet,Thungathurthi,09-Nov-22,0,19.3,31.7,44.2,89.1,0.0,0.0
Suryapet,Thungathurthi,14-Nov-22,0,19.5,30.0,54.4,91.2,0.0,0.0
Suryapet,Thungathurthi,24-Nov-22,0,22.6,29.9,58.0,95.5,0.0,0.0
Vikarabad,Bantwaram,03-Nov-22,0,18.2,30.5,60.5,96.7,0.0,8.3
Vikarabad,Bantwaram,04-Nov-22,0,18.5,34.8,30.8,90.1,0.0,8.1
Vikarabad,Bantwaram,22-Nov-22,0,19.0,32.5,27.4,72.9,0.0,5.5
Vikarabad,Bantwaram,26-Nov-22,0,17.2,34.4,53.0,76.6,0.0,4.1
Vikarabad,Bantwaram,29-Nov-22,0,16.6,34.4,23.2,79.4,0.0,0.3
Vikarabad,Basheerabad,16-Nov-22,0,14.8,32.4,36.2,89.4,0.0,8.9
Vikarabad,Basheerabad,28-Nov-22,0,15.8,32.8,29.1,88.6,0.0,6.7
Vikarabad,Bomraspeta,05-Nov-22,0,18.9,30.5,51.3,100.0,0.0,3.4
Vikarabad,Bomraspeta,21-Nov-22,0,14.6,27.9,38.5,84.6,0.0,0.3
Vikarabad,Bomraspeta,23-Nov-22,0,21.1,31.3,42.8,100.0,0.0,1.4
Vikarabad,Bomraspeta,25-Nov-22,0,18.5,30.5,42.1,100.0,0.0,2.9
Vikarabad,Chowdapur,10-Nov-22,0,15.5,29.4,35.7,97.9,0.0,4.3
Vikarabad,Chowdapur,27-Nov-22,0,15.5,30.8,38.1,80.1,0.0,6.4
Vikarabad,Doma,12-Nov-22,0,15.4,29.9,39.3,93.9,0.0,15.5
Vikarabad,Doma,15-Nov-22,0,16.8,30.7,45.5,95.4,0.0,1.5
Vikarabad,Doulatabad,10-Nov-22,0,16.3,30.2,35.4,96.5,0.0,0.9
Vikarabad,Doulatabad,19-Nov-22,0,13.3,28.2,40.6,95.3,0.0,6.0
Vikarabad,Doulatabad,27-Nov-22,0,14.9,31.0,44.9,92.8,0.0,3.3
Vikarabad,Kodangal,28-Nov-22,0,15.5,31.9,42.0,96.9,0.0,0.0
Vikarabad,Kotepally,05-Nov-22,0,19.5,33.4,56.8,96.9,0.0,5.9
Vikarabad,Kotepally,23-Nov-22,0,20.9,31.7,46.7,80.4,0.0,3.5
Vikarabad,Kotepally,25-Nov-22,0,19.3,29.9,59.1,98.5,0.0,1.6
Vikarabad,Kulkacharla,24-Nov-22,0,19.2,31.9,50.0,100.0,0.0,8.4
Vikarabad,Mominpet,01-Nov-22,0,17.3,28.9,36.7,75.0,0.0,6.1
Vikarabad,Mominpet,08-Nov-22,0,14.9,30.3,40.2,89.4,0.0,5.1
Vikarabad,Mominpet,11-Nov-22,0,15.3,28.9,49.4,86.3,0.0,6.7
Vikarabad,Mominpet,13-Nov-22,0,15.3,29.2,46.5,86.2,0.0,4.1
Vikarabad,Mominpet,17-Nov-22,0,11.6,29.4,31.9,85.4,0.0,6.5
Vikarabad,Nawabpet,10-Nov-22,0,14.5,29.6,39.0,89.4,0.0,8.9
Vikarabad,Nawabpet,18-Nov-22,0,12.8,29.4,34.8,79.6,0.0,12.3
Vikarabad,Nawabpet,19-Nov-22,0,14.0,28.0,39.9,82.1,0.0,10.8
Vikarabad,Peddemul,11-Nov-22,0,15.0,29.8,48.5,94.9,0.0,6.8
Vikarabad,Pudur,03-Nov-22,0,15.9,27.8,56.0,100.0,0.0,11.2
Vikarabad,Pudur,04-Nov-22,0,17.9,31.5,37.7,99.3,0.0,7.0
Vikarabad,Pudur,30-Nov-22,0,10.1,30.4,27.3,97.0,0.0,7.2
Vikarabad,Tandur,10-Nov-22,0,15.2,31.5,25.4,100.0,0.0,0.0
Vikarabad,Tandur,18-Nov-22,0,13.2,30.5,30.8,100.0,0.0,0.0
Vikarabad,Tandur,19-Nov-22,0,13.2,29.5,34.1,100.0,0.0,0.0
Vikarabad,Vikarabad,19-Nov-22,0,11.4,28.6,33.4,96.3,0.0,14.3
Vikarabad,Vikarabad,27-Nov-22,0,13.9,32.4,35.0,83.1,0.0,10.8
Vikarabad,Yelal,07-Nov-22,0,14.9,34.3,30.5,100.0,0.0,0.0
Vikarabad,Yelal,17-Nov-22,0,10.8,32.8,16.5,100.0,0.0,0.0
Vikarabad,Yelal,29-Nov-22,0,14.7,34.8,34.3,100.0,0.0,0.0
Wanaparthy,Amarchinta,10-Nov-22,0,18.9,32.9,32.1,91.4,0.0,7.3
Wanaparthy,Amarchinta,18-Nov-22,0,15.3,32.6,22.1,84.3,0.0,11.3
Wanaparthy,Atmakur,28-Nov-22,0,19.4,32.5,44.1,93.5,0.0,5.2
Wanaparthy,Chinnambavi,05-Nov-22,0,21.9,33.7,41.2,97.8,0.0,8.7
Wanaparthy,Chinnambavi,21-Nov-22,0,20.3,30.2,30.4,66.3,0.2,11.9
Wanaparthy,Ghanpur,05-Nov-22,0,21.1,32.2,53.3,94.8,0.0,7.2
Wanaparthy,Ghanpur,23-Nov-22,0,22.5,32.6,48.2,87.1,0.0,6.2
Wanaparthy,Ghanpur,25-Nov-22,0,21.0,32.7,52.3,93.4,0.0,4.7
Wanaparthy,Gopalpeta,01-Nov-22,0,19.8,30.4,29.6,85.0,0.0,9.7
Wanaparthy,Gopalpeta,08-Nov-22,0,16.3,31.1,35.2,100.0,0.0,9.8
Wanaparthy,Gopalpeta,11-Nov-22,0,17.3,29.9,45.9,91.3,0.0,13.9
Wanaparthy,Gopalpeta,13-Nov-22,0,20.2,29.2,45.4,83.1,0.0,12.8
Wanaparthy,Gopalpeta,17-Nov-22,0,14.4,32.2,17.9,70.4,0.0,7.1
Wanaparthy,Kothakota,10-Nov-22,0,18.7,35.5,43.8,97.8,0.0,6.3
Wanaparthy,Kothakota,18-Nov-22,0,15.7,35.2,31.9,90.2,0.0,6.6
Wanaparthy,Kothakota,19-Nov-22,0,16.9,32.4,41.1,90.0,0.0,4.1
Wanaparthy,Kothakota,27-Nov-22,0,18.2,36.8,42.0,88.2,0.0,2.8
Wanaparthy,Madanapur,03-Nov-22,0,21.5,32.0,58.0,93.6,0.0,2.1
Wanaparthy,Madanapur,04-Nov-22,0,21.7,33.0,56.5,100.0,0.0,2.8
Wanaparthy,Madanapur,22-Nov-22,0,20.0,25.8,57.9,93.8,0.0,0.0
Wanaparthy,Madanapur,30-Nov-22,0,15.8,33.1,35.6,88.7,0.0,1.9
Wanaparthy,Pangal,20-Nov-22,0,14.2,32.2,29.6,87.5,0.0,11.5
Wanaparthy,Pebbair,27-Nov-22,0,19.2,33.1,40.4,84.1,0.0,2.5
Wanaparthy,Peddamandadi,21-Nov-22,0,18.7,30.2,50.0,82.0,0.0,0.4
Wanaparthy,Revelly,24-Nov-22,0,20.4,28.7,71.5,100.0,0.0,12.0
Wanaparthy,Srirangapur,07-Nov-22,0,20.0,32.7,40.0,89.2,0.0,10.1
Wanaparthy,Srirangapur,17-Nov-22,0,15.2,34.5,25.9,95.8,0.0,7.7
Wanaparthy,Veepangandla,22-Nov-22,0,20.0,25.5,72.9,96.6,0.0,7.8
Wanaparthy,Veepangandla,26-Nov-22,0,20.2,31.2,69.6,100.0,0.0,8.5
Wanaparthy,Veepangandla,29-Nov-22,0,17.1,32.3,52.7,100.0,0.0,9.5
Wanaparthy,Wanaparthy,12-Nov-22,0,18.9,30.7,45.7,76.7,0.0,0.0
Wanaparthy,Wanaparthy,16-Nov-22,0,17.0,31.6,46.3,76.7,0.0,0.0
Wanaparthy,Wanaparthy,28-Nov-22,0,18.4,32.9,37.0,76.3,0.0,0.0
Warangal,Chennaraopeta,28-Nov-22,0,10.8,32.3,30.6,100.0,0.0,4.2
Warangal,Geesugonda,05-Nov-22,0,18.8,32.5,53.9,99.8,0.0,7.1
Warangal,Geesugonda,23-Nov-22,0,19.5,33.0,46.9,89.7,0.0,10.3
Warangal,Geesugonda,25-Nov-22,0,17.4,32.7,53.4,90.6,0.0,5.9
Warangal,Khanapur,18-Nov-22,0,15.2,30.1,30.8,87.8,0.0,13.3
Warangal,Khanapur,19-Nov-22,0,16.1,30.1,33.3,86.7,0.0,12.1
Warangal,Khilla_Warangal,12-Nov-22,0,19.0,31.1,52.6,80.1,0.0,3.5
Warangal,Khilla_Warangal,15-Nov-22,0,16.9,31.2,53.5,80.0,0.0,4.1
Warangal,Nallabelly,20-Nov-22,0,13.5,29.8,47.3,98.5,0.0,8.7
Warangal,Narsampet,16-Nov-22,0,16.3,29.3,45.1,90.5,0.0,15.9
Warangal,Nekkonda,12-Nov-22,0,17.5,31.9,44.1,95.3,0.0,10.9
Warangal,Nekkonda,15-Nov-22,0,15.7,32.4,45.5,97.6,0.0,10.3
Warangal,Parvathagiri,05-Nov-22,0,20.0,33.8,55.4,100.0,0.0,4.3
Warangal,Parvathagiri,21-Nov-22,0,18.6,30.3,41.9,77.2,0.0,8.9
Warangal,Parvathagiri,23-Nov-22,0,20.0,32.7,50.4,93.7,0.0,4.7
Warangal,Raiparthy,26-Nov-22,0,15.4,31.9,30.4,92.3,0.0,10.2
Warangal,Raiparthy,29-Nov-22,0,12.7,32.5,21.1,98.0,0.0,14.3
Warangal,Raiparthy,30-Nov-22,0,13.4,31.6,27.3,90.3,0.0,6.6
Warangal,Sangem,19-Nov-22,0,14.7,31.1,42.1,99.5,0.0,7.9
Warangal,Sangem,27-Nov-22,0,12.8,31.7,34.2,100.0,0.0,6.1
Warangal,Warangal,05-Nov-22,0,19.8,31.8,44.1,100.0,0.0,6.6
Warangal,Warangal,21-Nov-22,0,18.8,27.4,29.9,65.3,0.0,7.5
Warangal,Warangal,23-Nov-22,0,21.0,32.0,41.8,85.4,0.0,6.9
Warangal,Warangal,25-Nov-22,0,19.5,31.9,44.9,87.5,0.0,4.9
Warangal,Wardhannapet,07-Nov-22,0,18.0,32.5,47.4,100.0,0.0,3.0
Yadadri Bhuvanagiri,Addagudur,03-Nov-22,0,19.2,29.4,69.1,95.5,0.0,0.2
Yadadri Bhuvanagiri,Addagudur,04-Nov-22,0,20.7,31.9,58.7,98.9,0.0,7.7
Yadadri Bhuvanagiri,Addagudur,29-Nov-22,0,13.3,31.5,36.9,87.8,0.0,0.3
Yadadri Bhuvanagiri,Addagudur,30-Nov-22,0,14.2,30.1,38.7,86.8,0.0,2.8
Yadadri Bhuvanagiri,Alair,05-Nov-22,0,18.9,31.5,54.6,100.0,0.0,1.9
Yadadri Bhuvanagiri,Alair,23-Nov-22,0,20.2,32.5,44.9,97.2,0.0,0.0
Yadadri Bhuvanagiri,Alair,25-Nov-22,0,17.6,29.7,63.0,100.0,0.0,5.6
Yadadri Bhuvanagiri,Atmakur_M,05-Nov-22,0,21.4,31.4,57.8,100.0,0.0,3.5
Yadadri Bhuvanagiri,Atmakur_M,23-Nov-22,0,22.9,31.2,46.7,100.0,0.0,5.1
Yadadri Bhuvanagiri,Atmakur_M,25-Nov-22,0,20.0,28.9,75.6,100.0,0.0,3.5
Yadadri Bhuvanagiri,Bhongiri,09-Nov-22,0,13.6,33.3,32.7,93.7,0.0,1.2
Yadadri Bhuvanagiri,Bhongiri,14-Nov-22,0,15.1,32.3,40.7,92.8,0.0,3.5
Yadadri Bhuvanagiri,Bibinagar,16-Nov-22,0,14.1,33.3,32.8,91.4,0.0,7.2
Yadadri Bhuvanagiri,Bommalaramaram,02-Nov-22,0,19.3,27.2,59.6,100.0,0.0,6.3
Yadadri Bhuvanagiri,Bommalaramaram,06-Nov-22,0,14.3,33.0,42.5,100.0,0.0,4.0
Yadadri Bhuvanagiri,Choutuppal,16-Nov-22,0,14.1,34.4,31.7,99.9,0.0,9.0
Yadadri Bhuvanagiri,Gundala,12-Nov-22,0,18.2,30.7,45.8,85.5,0.0,12.3
Yadadri Bhuvanagiri,Mootakondur,21-Nov-22,0,16.4,29.6,33.5,75.6,0.0,1.4
Yadadri Bhuvanagiri,Narayanapur,10-Nov-22,0,17.8,31.7,43.9,100.0,0.0,2.6
Yadadri Bhuvanagiri,Narayanapur,18-Nov-22,0,15.7,32.2,24.4,79.5,0.0,8.2
Yadadri Bhuvanagiri,Narayanapur,19-Nov-22,0,17.8,31.7,28.6,75.7,0.0,5.1
Yadadri Bhuvanagiri,Pochampalle,10-Nov-22,0,16.9,32.1,39.4,96.0,0.0,5.3
Yadadri Bhuvanagiri,Pochampalle,18-Nov-22,0,14.7,32.1,25.5,92.7,0.0,7.9
Yadadri Bhuvanagiri,Rajapet,22-Nov-22,0,19.1,30.3,40.0,90.3,0.0,7.7
Yadadri Bhuvanagiri,Rajapet,26-Nov-22,0,14.1,32.4,37.3,89.8,0.0,6.3
Yadadri Bhuvanagiri,Rajapet,29-Nov-22,0,11.1,31.6,31.6,99.3,0.0,5.9
Yadadri Bhuvanagiri,Rajapet,30-Nov-22,0,11.0,31.0,31.1,98.6,0.0,5.3
Yadadri Bhuvanagiri,Ramannapeta,01-Nov-22,0,18.2,31.9,43.9,99.9,0.0,7.9
Yadadri Bhuvanagiri,Ramannapeta,08-Nov-22,0,15.5,32.3,43.4,99.9,0.0,8.0
Yadadri Bhuvanagiri,Ramannapeta,11-Nov-22,0,18.3,31.6,48.0,99.9,0.0,9.1
Yadadri Bhuvanagiri,Ramannapeta,13-Nov-22,0,18.0,32.2,49.5,99.9,0.0,13.9
Yadadri Bhuvanagiri,Ramannapeta,17-Nov-22,0,12.1,32.7,29.6,99.9,0.0,4.9
Yadadri Bhuvanagiri,Turkapalle_M,10-Nov-22,0,17.4,30.1,50.3,86.3,0.0,0.1
Yadadri Bhuvanagiri,Turkapalle_M,19-Nov-22,0,16.2,28.8,39.5,79.4,0.0,7.7
Yadadri Bhuvanagiri,Turkapalle_M,27-Nov-22,0,14.6,30.0,39.5,83.1,0.0,7.8
Yadadri Bhuvanagiri,Valigonda,03-Nov-22,0,18.0,30.9,60.2,99.9,0.0,7.2
Yadadri Bhuvanagiri,Valigonda,04-Nov-22,0,20.8,32.9,48.2,99.9,0.0,7.1
Yadadri Bhuvanagiri,Valigonda,26-Nov-22,0,16.1,33.5,41.4,95.9,0.0,3.5
Yadadri Bhuvanagiri,Valigonda,30-Nov-22,0,12.7,32.7,31.2,99.9,0.0,0.1
Yadadri Bhuvanagiri,Yadagirigutta,01-Nov-22,0,19.9,32.9,33.8,91.1,0.0,1.1
Yadadri Bhuvanagiri,Yadagirigutta,07-Nov-22,0,18.0,33.8,31.8,97.0,0.0,5.0
